,Family,Species,Code,path_count
0,Erebidae,"""Adrapsa"" sp.",,0
1,Geometridae,"""Collix"" sp.",,0
2,Erebidae,"""Eilema"" sp. 1",,0
3,Erebidae,"""Eilema"" sp. 2",,0
4,Erebidae,"""Eilema"" sp. 3",,0
5,Noctuidae,"""Koyaga"" sp._blue",,0
6,Geometridae,"""Lophophleps"" sp.",,0
7,Erebidae,"""Plecoptera"" sp.",,0
8,Noctuidae,"""Rivula"" sp.",,0
9,Geometridae,"""Syncosmia"" sp.",,0
10,Geometridae,Abaciscus costimacula,344582,6
11,Geometridae,Abaciscus tristis tristis,344584,2
12,Erebidae,Aberrasine lichenshihi,,0
13,Geometridae,Abraxas adilluminata,344585,15
14,Geometridae,Abraxas consputa,344587,5
15,Geometridae,Abraxas illuminata,414096,0
16,Geometridae,Abraxas persimplex,344593,6
17,Geometridae,Abraxas placata,344594,10
18,Geometridae,Abraxas submartiaria,344596,4
19,Geometridae,Abraxas suspecta,344597,11
20,Geometridae,Abraxas tenellula,344599,18
21,Geometridae,Abraxas tenuisuffusa,344600,10
22,Geometridae,Abraxas wilemani,344601,11
23,Noctuidae,Abrostola suisharyonis suisharyonis,345924,1
24,Geometridae,Acasis viretata himalayica,344602,9
25,Geometridae,Achrosis rufescens,344960,0
26,Geometridae,Acolutha pictaria imbecilla,344603,1
27,Geometridae,Acolutha pulchella semifulva,344604,0
28,Noctuidae,Acosmetia chinensis,431568,2
29,Noctuidae,Acronicta gigasa,345936,5
30,Noctuidae,Acronicta hercules,345937,6
31,Noctuidae,Acronicta intermedia,345938,8
32,Noctuidae,Acronicta pruinosa,345939,11
33,Noctuidae,Acronicta sp.,,0
34,Saturniidae,Actias ningpoana ningtaiwana,347572,9
35,Erebidae,Adrapsa incertalis,428170,6
36,Erebidae,Adrapsoides reticulatis,346844,7
37,Noctuidae,Aedia acronyctoides,345953,0
38,Adelidae,Aelidae sp.,,0
39,Depressariidae,Aeolanthes brochias,344456,2
40,Geometridae,Aethalura duplicata,344607,3
41,Geometridae,Agathia magnificentia,344618,2
42,Erebidae,Aglaomorpha histrio formosana,343768,4
43,Drepanidae,Agnidra scabiosa fixseni,344419,3
44,Sphingidae,Agrius convolvuli,347631,13
45,Noctuidae,Agrotis taiwana,345967,5
46,Erebidae,Agylla pulchristriata,343774,5
47,Geometridae,Alcis admissaria undularia,344634,4
48,Geometridae,Alcis hyberniata,344623,2
49,Geometridae,Alcis maculata taiwanica,414168,3
50,Geometridae,Alcis nubeculosa,344625,5
51,Geometridae,Alcis pallens,344626,7
52,Geometridae,Alcis plebeia,344627,5
53,Geometridae,Alcis postlurida,344628,10
54,Geometridae,Alcis rubicunda,344629,2
55,Geometridae,Alcis scortea,344630,3
56,Geometridae,Alcis semiusta,344635,5
57,Geometridae,Alcis subpunctata,344631,1
58,Geometridae,Alcis taiwanensis,344636,5
59,Geometridae,Alcis taiwanovariegata,404682,11
60,Notodontidae,Allodontoides tenebrosa,346941,2
61,Erebidae,Amata hirayamae,343782,9
62,Erebidae,Amata wilemani,343790,6
63,Geometridae,Amblychia angeronaria,344637,5
64,Geometridae,Amblychia moltrechti,414127,3
65,Sphingidae,Ambulyx kuangtungensis,347634,2
66,Erebidae,Ammatho honbaensis,,1
67,Erebidae,Ammatho karenkensis karenkensis,343893,0
68,Erebidae,Ammatho shiou,macro-05,0
69,Erebidae,Ammatho tairadiata,343890,0
70,Sphingidae,Ampelophaga rubiginosa myosotis,347638,2
71,Noctuidae,Amphipyra formosana,422055,8
72,Noctuidae,Amphipyra fuscusa,345982,3
73,Noctuidae,Amphipyra tarokoensis,428282,4
74,Geometridae,Amraica superans taiwana,344641,2
75,Noctuidae,Amyna punctum,345989,1
76,Erebidae,Anachrostis sp.,,0
77,Noctuidae,Anacronicta nitida,347261,9
78,Crambidae,Anania pata,349614,0
79,Noctuidae,Anaplectoides fuscivirens,345995,5
80,Noctuidae,Anaplectoides inouei,345996,3
81,Erebidae,Anatatha wilemani,,2
82,Geometridae,Anectropis fumigata,344642,7
83,Geometridae,Anectropis semifascia,344643,2
84,Saturniidae,Antheraea yamamai superba,347575,15
85,Geometridae,Antipercnia cordiforma,344656,5
86,Euteliidae,Anuga lunulata,346015,3
87,Noctuidae,Apamea aquila substriata,346017,3
88,Noctuidae,Apamea sodalis,346021,2
89,Noctuidae,Apamea taiwana,346022,2
90,Geometridae,Apithecia sp.,,0
91,Geometridae,Apithecia viridata wilemani,344658,2
92,Noctuidae,Aplexiphleps smaragdistis,428285,6
93,Geometridae,Aplochlora costipicta,344659,3
94,Noctuidae,Apospasta rantaizanensis,346023,2
95,Noctuidae,Apsarasa radians,346024,6
96,Erebidae,Arasada kanshireiensis,346025,0
97,Pyralidae,Arctioblepsis rubida,427206,4
98,Erebidae,Arctornis cygna,345802,0
99,Erebidae,Arctornis l-nigrum okurai,345806,2
100,Geometridae,Arichanna marginata,344673,4
101,Geometridae,Arichanna ochrivena,344674,3
102,Geometridae,Arichanna picaria,344676,4
103,Geometridae,Arichanna pryeraria,344678,4
104,Geometridae,Arichanna sinica refracta,344669,0
105,Erebidae,Arna bipunctapex,345807,5
106,Erebidae,Artena dotata,346028,4
107,Noctuidae,Asidemia albovitta,346029,5
108,Erebidae,Asota egens confinis,346031,0
109,Erebidae,Asota heliconia zebrina,346033,8
110,Erebidae,Asota tortuosa,346035,5
111,Erebidae,Asura tricolor,343806,0
112,Erebidae,Asuridia rubripennis,343808,3
113,Noctuidae,Athetis bremusa,417199,1
114,Noctuidae,Athetis brunneolineosa,426773,1
115,Noctuidae,Athetis sp.,,0
116,Noctuidae,Athetis stellata,346041,2
117,Noctuidae,Atrachea ochrotica,346045,5
118,Noctuidae,Atrachea sp. 1,macro-04,0
119,Noctuidae,Atrachea viridinigra,346046,5
120,Geometridae,Auaxa cesadaria,344685,6
121,Geometridae,Auaxa mimosina,344686,1
122,Noctuidae,Auchmis inextricata,346048,2
123,Drepanidae,Auzata simpliciata,344424,2
124,Drepanidae,Auzatellodes arizana,344422,5
125,Erebidae,Avatha chinensis,346051,4
126,Erebidae,Avitta fasciosa,346053,2
127,Erebidae,Avitta puncta,346054,4
128,Noctuidae,Axylia putris triseriata,346056,4
129,Erebidae,Bamra albicola melli,428206,2
130,Erebidae,Barsine sauteri,428315,6
131,Erebidae,Barsura albidorsalis,428290,6
132,Erebidae,Bastilla acuta acuta,346224,1
133,Erebidae,Bastilla arcuata,346228,1
134,Erebidae,Bastilla fulvotaenia,422568,3
135,Erebidae,Bastilla praetermissa,346236,1
136,Erebidae,Batracharta divisa,346058,2
137,Nolidae,Beara tortriciformis,346852,1
138,Notodontidae,Benbowia takamukuanus,432071,6
139,Erebidae,Bertula chunchunyangae,,5
140,Erebidae,Bertula incisa,346066,7
141,Erebidae,Bertula quadripuncta,346070,6
142,Erebidae,Bertula terminalis,346071,6
143,Notodontidae,Besaia sordida,346946,6
144,Notodontidae,Betashachia angustipennis angustipennis,346948,6
145,Lasiocampidae,Bharetta owadai,345527,6
146,Geometridae,Biston perclara,432674,9
147,Geometridae,Biston regalis comitata,344694,2
148,Erebidae,Blasticorhinus bifasciata,346073,3
149,Erebidae,Blasticorhinus rivulosa,346076,2
150,Erebidae,Blasticorhinus ussuriensis,429589,2
151,Nolidae,Blenina quinaria,346855,9
152,Bombycidae,Bombyx mandarina formosana,343975,11
153,Crambidae,Botyodes asialis,344074,1
154,Crambidae,Botyodes principalis,344076,5
155,Crambidae,Bradina atopalis taiwanensis,344077,2
156,Crambidae,Bradina aulacodialis,344078,2
157,Crambidae,Bradina sp. 3,,0
158,Pyralidae,Bradina sp. 4,,0
159,Brahmaeidae,Brahmaea wallichii insulata,343988,12
160,Noctuidae,Brevipecten consanguis,346084,0
161,Erebidae,Brunia antica,343836,7
162,Noctuidae,Bryomoia melachlora,346087,6
163,Noctuidae,Bryophilina mollicula,346089,0
164,Geometridae,Cabera niveopicta,344705,4
165,Limacodidae,Caiella martini,429741,2
166,Limacodidae,Caiella pygmy,429743,11
167,Erebidae,Calliteara angulata,345809,4
168,Erebidae,Calliteara arizana,345810,8
169,Erebidae,Calliteara horishanella,345813,0
170,Erebidae,Calliteara lunulata takamukuana,345815,9
171,Erebidae,Calliteara postfusca,345817,6
172,Noctuidae,Callopistria deflexusa,346092,3
173,Noctuidae,Callopistria delicata,346093,17
174,Noctuidae,Callopistria maillardi maillardi,346098,13
175,Noctuidae,Callopistria nigrescens,346099,2
176,Noctuidae,Callopistria nobilior,346100,14
177,Noctuidae,Callopistria phaeogona,346101,10
178,Noctuidae,Callopistria pulchrilinea,346103,11
179,Noctuidae,Callopistria repleta,346104,9
180,Noctuidae,Callopistria rivularis,422054,5
181,Geometridae,Callygris compositata basistrigaria,344712,2
182,Erebidae,Calyptra thalictri,430138,0
183,Limacodidae,Cania heppneri,345634,6
184,Nolidae,Carea internifusca,346858,1
185,Erebidae,Catocala dejeani owadai,427260,5
186,Erebidae,Catocala intacta taiwana,346119,2
187,Erebidae,Catocala okurai,346117,2
188,Erebidae,Catocala shirozui,346116,8
189,Geometridae,Catoria sublavaria,344716,2
190,Sphingidae,Cechetra lineosa,347641,0
191,Crambidae,Ceratarcha umbrosa,344094,4
192,Limacodidae,Ceratonema apodina,Lima,0
193,Erebidae,Cernyia usuguronis,343846,0
194,Notodontidae,Cerura erminea formosana,346949,0
195,Notodontidae,Chadisra bipars,346950,1
196,Notodontidae,Chadisra bipartita,346951,3
197,Noctuidae,Chandata taiwana,346131,5
198,Geometridae,Chartographa convexa,344720,2
199,Noctuidae,Chasminodes pseudalbonitens,,4
200,Noctuidae,Checupa stegeri,421585,5
201,Geometridae,Chiasmia defixaria,414114,0
202,Limacodidae,Chibiraga banghaasi,345637,1
203,Geometridae,Chlorissa arcana,344920,4
204,Geometridae,Chloroclystis blanda,344724,3
205,Noctuidae,Chloroclystis blanda,346098,13
206,Geometridae,Chloroclystis rubroviridis,344725,1
207,Erebidae,Chorsia albiscriptus,,1
208,Erebidae,Chrysaeglia magnifica,343816,6
209,Noctuidae,Chrysodeixis eriosoma,346140,3
210,Noctuidae,Chrysodeixis minutus,346142,6
211,Noctuidae,Chrysodeixis taiwani,346143,7
212,Erebidae,Chrysorabdia taiwana,343818,2
213,Erebidae,Chrysorabdia vilemani,343819,3
214,Uraniidae,Chundana emarginata,348046,2
215,Erebidae,Churinga virago,343776,3
216,Noctuidae,Chytonix sp. 1,,0
217,Noctuidae,Chytonix sp. 2,,0
218,Noctuidae,Chytonix variegata,346153,4
219,Erebidae,Cidariplura bilineata,346154,7
220,Erebidae,Cidariplura maraho,428225,11
221,Erebidae,Cidariplura sp.,,0
222,Erebidae,Cidariplura tsoyuanhsiehi,,6
223,Crambidae,Circobotys sp.,,0
224,Zygaenidae,Clelea formosana,348109,0
225,Geometridae,Cleora contiguata contiguata,344737,1
226,Geometridae,Cleora fraterna,344738,13
227,Geometridae,Cleora sp.,,0
228,Nolidae,Clethrophora distincta,346862,6
229,Notodontidae,Clostera anachoreta,346953,4
230,Notodontidae,Cnethodonta grisescens baibarana,346955,3
231,Geometridae,Collix ghosha,344743,2
232,Geometridae,Comibaena pictipennis pictipennis,344750,3
233,Geometridae,Comibaena procumbaria,344751,2
234,Geometridae,Comibaena subdelicata,344748,3
235,Geometridae,Comostola enodata,344754,2
236,Geometridae,Comostola laesaria,344755,6
237,Geometridae,Comostola ocellulata,344757,4
238,Geometridae,Comostola satoi,344759,2
239,Geometridae,Comostola sp.,,0
240,Endromidae,Comparmustilia gerontica,432102,0
241,Noctuidae,Condica illecta,346161,9
242,Noctuidae,Condica sp.,,0
243,Crambidae,Conogethes sp.,,0
244,Erebidae,Corgatha costimacula,429679,0
245,Erebidae,Corgatha sp. 1,,0
246,Erebidae,Corgatha sp. 2,,0
247,Geometridae,Corymica pryeri,344763,4
248,Geometridae,Corymica spatiosa,344764,2
249,Noctuidae,Cosmia achatina,346167,3
250,Noctuidae,Cosmia moderata,346171,2
251,Noctuidae,Cosmia sp.,,0
252,Lasiocampidae,Cosmotriche discitincta discitincta,345528,7
253,Crambidae,Cotachena pubescens,344119,0
254,Crambidae,Crambidae sp. 1,,0
255,Crambidae,Crambus sp.,,0
256,Erebidae,Creatonotos transiens vacillans,343823,5
257,Crambidae,Crocidolomia sp.,,0
258,Noctuidae,Cryphia granitalis,346181,3
259,Noctuidae,Cryphia hohuana,346183,1
260,Noctuidae,Ctenoplusia albostriata,345960,3
261,Noctuidae,Ctenoplusia mutans,418433,1
262,Geometridae,Cusiala boarmioides,344770,6
263,Erebidae,Cyana formosana,343827,2
264,Erebidae,Cyana hamata hamata,343826,0
265,Erebidae,Cyana sanguinea,343831,1
266,Erebidae,Cyana sp. 1,,7
267,Crambidae,Cyana sp. 1,344123,2
268,Crambidae,Cymoriza sp.,,0
269,Erebidae,Daddala lucilla,346189,1
270,Erebidae,Danielithosia sp. 1,,0
271,Erebidae,Danielithosia sp. 2,,0
272,Erebidae,Danielithosia sp. 3,,0
273,Geometridae,Deileptenia rimosaria,344774,8
274,Lasiocampidae,Dendrolimus arizana,345529,0
275,Lasiocampidae,Dendrolimus punctatus,345531,5
276,Lasiocampidae,Dendrolimus taiwana,345532,7
277,Drepanidae,Deroca hidda ampla,344428,3
278,Noctuidae,Diarsia arenosoides,346193,5
279,Noctuidae,Diarsia cia,346196,2
280,Noctuidae,Diarsia formosensis,346198,3
281,Noctuidae,Diarsia nigrafasciata,346200,3
282,Noctuidae,Diarsia nigrosigna,346201,4
283,Noctuidae,Diarsia sp.,,0
284,Noctuidae,Diarsia subtincta,346203,2
285,Noctuidae,Diarsia yoshimotoi,346205,5
286,Erebidae,Diduga flavicostata,343834,1
287,Geometridae,Dilophodes elegans khasiana,414118,3
288,Geometridae,Dindica polyphaenaria,344781,14
289,Geometridae,Dindica taiwana,344783,11
290,Geometridae,Dindica wilemani,344784,3
291,Erebidae,Diomea insulana,346211,5
292,Erebidae,Diomea sp.,,0
293,Noctuidae,Discibocome pulchra,346215,8
294,Notodontidae,Disparia diluta variegata,347026,7
295,Notodontidae,Disparia wilemani,417545,7
296,Drepanidae,Ditrigona conflexaria micronioides,344430,2
297,Sphingidae,Dolbina inexacta,347653,9
298,Drepanidae,Drepana pallida nigromaculata,344432,4
299,Notodontidae,Dudusa nobilis,346957,7
300,Noctuidae,Dypterygia subfusca,346222,3
301,Uraniidae,Dysaethria flavistriga,348054,3
302,Uraniidae,Dysaethria sp.,,0
303,Geometridae,Dysstroma calamistratum,344796,3
304,Geometridae,Dysstroma cinereata cinereata,344797,2
305,Geometridae,Dysstroma fumata,344799,2
306,Geometridae,Dysstroma sikkimensis,344800,1
307,Nolidae,Earias punctaria,346867,0
308,Nolidae,Earias roseifera,346868,0
309,Nolidae,Earias sp.,,0
310,Geometridae,Ecliptopera benigna,344802,2
311,Geometridae,Ecliptopera delecta,344803,2
312,Geometridae,Ecliptopera muscicolor allobathra,344805,3
313,Geometridae,Ecliptopera recordans,344806,1
314,Geometridae,Ecliptopera rectilinea kanshinensis,344807,0
315,Geometridae,Ecliptopera umbrosaria stathera,344809,7
316,Erebidae,Ectogonia butleri,429982,5
317,Erebidae,Ectogonia sp.,,0
318,Geometridae,Ectropis arizanensis,344810,6
319,Geometridae,Ectropis bhurmitra,344811,12
320,Geometridae,Ectropis excellens,344812,4
321,Erebidae,Eilema karenkona,430665,9
322,Erebidae,Eilema pulverea,343845,2
323,Erebidae,Eilema ratonis,343848,1
324,Erebidae,Eilema sp. 1,,0
325,Erebidae,Eilema sp. 2,431513,0
326,Erebidae,Eilema subcosteola,343853,2
327,Nolidae,Eligma narcissus,346870,2
328,Noctuidae,Elusa ustula,346246,3
329,Pyralidae,Endotricha metacuralis,347447,5
330,Pyralidae,Endotricha olivacealis,347448,1
331,Geometridae,Entomopteryx combusta,344707,11
332,Erebidae,Episparis taiwana,346251,2
333,Geometridae,Epobeidia lucifera extranigricans,344823,8
334,Geometridae,Epobeidia tigrata maxima,344824,5
335,Erebidae,Ercheia umbrosa,346257,1
336,Erebidae,Ericeia pertendens,346266,0
337,Erebidae,Ericeia subcinerea,346267,6
338,Erebidae,Eublemma sp.,,0
339,Geometridae,Euchristophia cumulata meridionalis,344829,3
340,Geometridae,Eucyclodes gavissima aphrodite,345099,6
341,Geometridae,Eucyclodes lalashana,345030,3
342,Erebidae,Eudocima okurai,345951,7
343,Erebidae,Eudocima phalonia,346603,7
344,Erebidae,Eudocima tyrannus,345952,5
345,Erebidae,Eugoa cernyi,430718,3
346,Erebidae,Eugoa formosicola,430720,0
347,Erebidae,Eugoa grisea,343869,7
348,Erebidae,Eugoa sinuata,343871,6
349,Erebidae,Eugoa sp.,,0
350,Notodontidae,Euhampsonia cristata,346961,2
351,Notodontidae,Euhampsonia formosana,346962,3
352,Geometridae,Eupithecia quadripunctata,404683,0
353,Noctuidae,Euplexia albirena,346282,2
354,Noctuidae,Euplexidia pallidivirens,346287,7
355,Erebidae,Euproctis baibarana,345826,1
356,Erebidae,Euproctis croceola,345831,2
357,Erebidae,Euproctis inornata,345835,3
358,Erebidae,Euproctis kanshireia,345837,4
359,Erebidae,Euproctis marginata insulata,430139,2
360,Erebidae,Euproctis nigricauda,345843,5
361,Erebidae,Euproctis purpureofasciata,345849,7
362,Erebidae,Euproctis sericea,345850,2
363,Erebidae,Euproctis sp.,,0
364,Erebidae,Euproctis sparsa,345853,1
365,Erebidae,Euproctis staudingeri,345854,5
366,Erebidae,Euproctis taiwana,345856,10
367,Noctuidae,Euromoia subpulchra,346292,3
368,Psychidae,Eurukuttarus tatahashii,347360,1
369,Geometridae,Euryobeidia largeteaui,344871,0
370,Notodontidae,Eushachia acyptera insido,428308,2
371,Lasiocampidae,Euthrix ochreipuncta,345535,8
372,Lasiocampidae,Euthrix tamahonis,345536,13
373,Geometridae,Fascellina chromataria,344876,11
374,Geometridae,Fascellina plagiata,344877,1
375,Noctuidae,Fascionycta fasciata,432722,9
376,Noctuidae,Feliniopsis asahinai,346301,4
377,Notodontidae,Fentonia baibarana,346964,4
378,Notodontidae,Fentonia macroparabolica,346965,1
379,Notodontidae,Fentonia parabolica,346967,2
380,Limacodidae,Flavinarosa obscura,345643,2
381,Notodontidae,Formofentonia orbifer rotundata,346968,3
382,Nolidae,Gabala roseoretis,346874,1
383,Pyralidae,Galleria mellonella,347465,2
384,Erebidae,Gampola sp.,,0
385,Erebidae,Ganhara sp.,Ganhara,0
386,Geometridae,Garaeus apicata formosanus,414090,7
387,Geometridae,Garaeus argillacea,414091,1
388,Geometridae,Gasterocome pannosaria orta,344883,2
389,Lasiocampidae,Gastropacha horishana,345537,7
390,Lasiocampidae,Gastropacha insularis,345539,4
391,Lasiocampidae,Gastropacha pardale formosana,345538,0
392,Notodontidae,Gazalina purificata,346969,6
393,Nolidae,Gelastocera exusta,346875,3
394,Noctuidae,Genoveva magnirena,428296,7
395,Erebidae,Ghoria bani,349865,7
396,Erebidae,Ghoria subpurpurea,343775,6
397,Notodontidae,Ginshachia elongata,346970,6
398,Crambidae,Glyphodes chilka,344175,2
399,Geometridae,Gnophos delitescens,344905,4
400,Geometridae,Gonanticlea ochreivittata,344907,2
401,Limacodidae,Griseothosea fasciata,431557,3
402,Erebidae,Gymnasura semilutea,343873,0
403,Geometridae,Gymnoscelis albicaudata,344910,2
404,Geometridae,Gymnoscelis sp.,,0
405,Drepanidae,Habrosyne indica formosana,347720,3
406,Erebidae,Hadennia macrobliqua,,9
407,Erebidae,Hamodes propitia,346320,1
408,Noctuidae,Harmandicrania harmandi,432723,3
409,Geometridae,Harutaea flavizona,414169,4
410,Geometridae,Harutalcis fumigata,344913,11
411,Geometridae,Hastina subfalcaria caeruleolineata,344914,1
412,Noctuidae,Helicoverpa armigera,346321,4
413,Erebidae,Hemipsilia coavestis,343875,4
414,Erebidae,Hemipsilia sp.,,0
415,Geometridae,Hemistola monotona,344916,7
416,Erebidae,Hemistola simplex,344918,6
417,Geometridae,Hemistola simplex,344918,6
418,Erebidae,Herminia decipiens,417233,0
419,Erebidae,Herminia kurokoi,346329,7
420,Erebidae,Herminia sp.,,0
421,Erebidae,Herminia vermiculata,346331,6
422,Noctuidae,Hermonassa formontana,346332,2
423,Noctuidae,Hermonassa hemicyclia,346333,2
424,Noctuidae,Hermonassa inconstans,346334,3
425,Noctuidae,Hermonassa legraini,346335,5
426,Erebidae,Hesudra divisa,343773,4
427,Geometridae,Heterolocha biplagiata,344933,5
428,Geometridae,Heterolocha coccinea,344934,6
429,Geometridae,Heterophleps confusa punkikonis,344940,1
430,Geometridae,Heterostegania lunulosa,344946,3
431,Geometridae,Heterothera incerta,345353,1
432,Geometridae,Heterothera sororcula,344947,0
433,Notodontidae,Hexafrenum leucodera yamamotoi,432069,2
434,Notodontidae,Hexafrenum maculifer,432070,4
435,Notodontidae,Higena trichosticha,346975,4
436,Noctuidae,Himachalia formosana,424452,3
437,Erebidae,Hipoepa biasalis,346338,8
438,Geometridae,Hirasa punctivenaria taiwana,344948,6
439,Noctuidae,Hoplodrina implacata,346341,6
440,Drepanidae,Horithyatira decorata takamukui,347724,0
441,Notodontidae,Hupodonta corticalis,346978,4
442,Notodontidae,Hupodonta lignea,346979,3
443,Geometridae,Hydatocapnia gemina,344950,2
444,Geometridae,Hydrelia bicolorata,344952,0
445,Erebidae,Hydrillodes fusca,,0
446,Erebidae,Hydrillodes nilgirialis,432797,0
447,Erebidae,Hydrillodes sp.,,0
448,Nolidae,Hylophilodes tsukusensis,346878,6
449,Erebidae,Hypena albopunctalis,346349,4
450,Erebidae,Hypena cyanea,,2
451,Erebidae,Hypena iconicalis,346359,0
452,Erebidae,Hypena indicatalis,346360,0
453,Erebidae,Hypena longipennis,429971,1
454,Erebidae,Hypena nepa,429972,2
455,Erebidae,Hypena perspicua,346368,3
456,Erebidae,Hypena sinuosa,346373,2
457,Erebidae,Hypena sp.,,0
458,Erebidae,Hypena sp. 1,,0
459,Erebidae,Hypena sp. 2,,0
460,Erebidae,Hypena taiwana,346377,1
461,Erebidae,Hypena tenebralis,346378,1
462,Erebidae,Hypena trigonalis,346379,3
463,Erebidae,Hypena tristalis,429968,6
464,Erebidae,Hypenagonia obliquifascia,346385,1
465,Erebidae,Hypenomorpha sp.,,0
466,Erebidae,Hypersypnoides formosensis,346392,5
467,Erebidae,Hypersypnoides punctosa,346394,5
468,Erebidae,Hypersypnoides quadrinotata,346395,0
469,Erebidae,Hypersypnoides submarginata,346396,6
470,Erebidae,Hypocala deflorata,346398,0
471,Erebidae,Hypocala subsatura,346400,1
472,Erebidae,Hypocala violacea,346401,0
473,Geometridae,Hypocometa clauda,344961,3
474,Geometridae,Hypomecis cineracea,344964,2
475,Geometridae,Hypomecis formosana,344965,4
476,Geometridae,Hypomecis monotona,344967,5
477,Geometridae,Hypomecis nudicosta,344968,6
478,Geometridae,Hypomecis obliquisigna,344969,7
479,Geometridae,Hypomecis percnioides,344970,2
480,Geometridae,Hypomecis punctinalis glos,344972,7
481,Geometridae,Hyposidra talaca talaca,344977,0
482,Erebidae,Hypospila bolinoides,346409,1
483,Zygaenidae,Hysteroscene hyalina,348118,4
484,Geometridae,Hysterura protagma agaura,344978,2
485,Geometridae,Idaea sugillata,344994,4
486,Erebidae,Ilema kosemponica,345869,2
487,Erebidae,Ilema nachiensis,345870,9
488,Erebidae,Ilema olivacea,345872,11
489,Erebidae,Ilema sp.,,0
490,Geometridae,Iotaphora admirabilis,344996,5
491,Limacodidae,Iraga rugosa,345644,3
492,Nolidae,Iragaodes nobilis,346879,0
493,Noctuidae,Iragaodes nobilis,346093,17
494,Erebidae,Isoura fuscicollis,419581,4
495,Geometridae,Jankowskia taiwanensis,344997,4
496,Geometridae,Jodis rantaizanensis,345000,10
497,Noctuidae,Karana gemmifera,346416,6
498,Erebidae,Katha magnata magnata,430667,5
499,Erebidae,Katha sp._small_yellow,Katha_s_y,0
500,Nolidae,Kerala lentiginosa,346882,2
501,Nolidae,Kerala sp.,,0
502,Noctuidae,Koyaga sp.,,0
503,Noctuidae,Koyaga virescens,346418,3
504,Noctuidae,Koyaga viriditincta,346419,2
505,Geometridae,Krananda oliveomarginata,345003,3
506,Geometridae,Krananda semihyalina,345004,4
507,Lasiocampidae,Kunugia undans metanastroides,345542,20
508,Erebidae,Laelia formosana,345874,1
509,Erebidae,Laelia sp.,,0
510,Erebidae,Laelia striata,345875,0
511,Pyralidae,Lamida obscura,347484,3
512,Geometridae,Lassaba parvalbidaria parvalbidaria,345010,6
513,Erebidae,Lemyra rhodophilodes,343884,4
514,Erebidae,Lemyra wernerthomasi,417528,3
515,Geometridae,Leptomiza calcearia calcearia,345012,4
516,Noctuidae,Leucapamea feketeanyaka,427243,3
517,Noctuidae,Leucapamea formosensis,346427,0
518,Noctuidae,Leucapamea tsueyluana,346428,5
519,Drepanidae,Leucoblepsis taiwanensis,344435,4
520,Erebidae,Leucoma clara,345876,1
521,Notodontidae,Liparopsis postalbida,346981,0
522,Erebidae,Lithosiinae sp._seasome spots,,0
523,Erebidae,Lithosiinae sp._white&black_spot,,0
524,Erebidae,Lithosiini sp. 2,,0
525,Erebidae,Lithosiini sp._small,,0
526,Geometridae,Lobogonodes taiwana,345017,3
527,Crambidae,Locastra muscosalis,347488,4
528,Pyralidae,Locastra muscosalis,347488,4
529,Geometridae,Lomographa claripennis,414092,5
530,Geometridae,Lomographa inamata,345020,5
531,Geometridae,Lomographa margarita,345023,5
532,Geometridae,Lomographa percnosticta,345025,2
533,Geometridae,Lomographa platyleucata marginata,345026,4
534,Geometridae,Lophobates inchoata,345028,2
535,Notodontidae,Lophocosma nigrilinea geniculata,346982,2
536,Notodontidae,Lophontosia fusca,346984,3
537,Geometridae,Lophophelma iterans onerosus,345133,5
538,Geometridae,Lophophelma taiwana,401747,6
539,Geometridae,Lophophleps informis,344984,1
540,Euteliidae,Lophoptera longipennis,346437,6
541,Euteliidae,Lophoptera sp. 1,,0
542,Noctuidae,Loscopia scotoptera insularis,429510,2
543,Geometridae,Loxaspilates montuosa,345035,8
544,Noctuidae,Loxopamea rufus,427242,9
545,Erebidae,Luceria sp.,,0
546,Geometridae,Luxiaria amasa amasa,414099,0
547,Geometridae,Luxiaria mitorrhaphes,345040,4
548,Erebidae,Lygniodes hypoleuca,346447,1
549,Erebidae,Lymantria concolor concolor,349337,6
550,Erebidae,Lymantria grisea,427200,4
551,Erebidae,Lymantria mathura subpallida,345882,10
552,Erebidae,Lymantria monacha,427201,6
553,Erebidae,Lymantria pulverea,428318,7
554,Erebidae,Lymantria sugii,349344,9
555,Erebidae,Lymantria umbrifera,349340,5
556,Erebidae,Lymantria xylina xylina,349342,4
557,Erebidae,Lysimelia lucidoides,,5
558,Drepanidae,Macrocilix mysticata flavotincta,344438,4
559,Noctuidae,Magusa interrupta,346708,1
560,Noctuidae,Magusa tenebrosa,346710,2
561,Limacodidae,Mahanta kawadai,345645,1
562,Noctuidae,Maliattha signifera,346454,2
563,Noctuidae,Mamestra brassicae,346457,6
564,Geometridae,Martania taiwana,417304,0
565,Sphingidae,Marumba cristata bukaiana,347680,8
566,Sphingidae,Marumba gaschkewitschii gressitti,347682,3
567,Sphingidae,Marumba sperchius sperchius,347684,7
568,Erebidae,Mataeomera biangulata,346459,1
569,Erebidae,Matsumursine horishanella,428287,10
570,Geometridae,Maxates acutigoniata,344884,2
571,Geometridae,Maxates extrambigua,344886,1
572,Geometridae,Maxates grandificaria,344888,4
573,Erebidae,Medama diplaga,345889,3
574,Nolidae,Meganola triangulalis,346899,0
575,Geometridae,Melanthia catenaria mesozona,345054,1
576,Geometridae,Melanthia procellata szechuanensis,345055,2
577,Erebidae,Melapia kishidai,,1
578,Geometridae,Menophra anaplagiata,345056,9
579,Geometridae,Menophra humeraria,345057,2
580,Geometridae,Menophra mitsundoi,345058,2
581,Geometridae,Menophra nakajimai,345059,4
582,Geometridae,Menophra taiwana,345060,5
583,Geometridae,Mesastrape fulguraria fulguraria,421826,0
584,Geometridae,Mesoleuca costipannaria,345061,1
585,Notodontidae,Mesophalera stigmatoides,428700,3
586,Erebidae,Mesoplectra sp. 2,,0
587,Erebidae,Mesoplectra sp. 3,,0
588,Erebidae,Mesoplectra sp._small,,0
589,Geometridae,Mesoptila melanolopha,344860,0
590,Erebidae,Metaemene atrigutta,429856,3
591,Erebidae,Metaemene hampsoni,346474,3
592,Lasiocampidae,Metanastria hyrtaca,345545,3
593,Erebidae,Meteugoa ochrivena japonica,343888,5
594,Erebidae,Micreremites sp.,,0
595,Drepanidae,Microblepsis violacea,344442,2
596,Geometridae,Micronidia intermedia,345067,4
597,Notodontidae,Microphalera grisea yoshimotoi,346992,3
598,Erebidae,Miltochrista acteola,343799,6
599,Erebidae,Miltochrista alikangiae,343801,0
600,Erebidae,Miltochrista arcuata,343802,6
601,Erebidae,Miltochrista mediobliqua,428273,10
602,Erebidae,Miltochrista sp.,,0
603,Erebidae,Miltochrista wenchiyehi,428274,5
604,Erebidae,Miltochrista yueh,,0
605,Erebidae,Mithuna arizana,343898,3
606,Noctuidae,Mniotype aulombardi,346482,8
607,Erebidae,Mocis annetta,346483,1
608,Erebidae,Mocis frugalis,346485,0
609,Limacodidae,Monema rubriceps,345648,10
610,Geometridae,Monocerotesa conjuncta,345074,2
611,Geometridae,Monocerotesa flavescens,349858,4
612,Geometridae,Monocerotesa unifasciata,349859,0
613,Zygaenidae,Morionia sciara,,2
614,Erebidae,Mosopia parasordidum,,6
615,Erebidae,Mosopia sp. 1,,0
616,Erebidae,Mosopia subnubila,428291,5
617,Endromidae,Mustilia gerontica,424277,0
618,Geometridae,Myrioblephara fenchihuana,345077,1
619,Geometridae,Myrioblephara simplaria simplaria,345078,2
620,Noctuidae,Mythimna argentata,346492,1
621,Noctuidae,Mythimna bistrigata,346493,2
622,Noctuidae,Mythimna guanyuana,346517,4
623,Noctuidae,Mythimna hannemanni,346500,5
624,Noctuidae,Mythimna lishana,346520,8
625,Noctuidae,Mythimna loreyi,346490,4
626,Noctuidae,Mythimna martoni,401423,4
627,Noctuidae,Mythimna plantei,346506,6
628,Noctuidae,Mythimna radiata,346524,5
629,Noctuidae,Mythimna sinuosa,346527,7
630,Erebidae,Naarda sp.,,0
631,Noctuidae,Nacna buschmannferenci,346539,0
632,Crambidae,Nacoleia charesalis,344246,0
633,Geometridae,Nadagara subnubila,345081,3
634,Geometridae,Nadagara umbrifera,345082,2
635,Nolidae,Nanola sp.,,0
636,Nolidae,Narangodes argyrostrigatus,346901,4
637,Nolidae,Narangodes flavibasis,346903,5
638,Limacodidae,Narosa nigrisigna,345652,4
639,Limacodidae,Narosoideus flavidorsalis,,3
640,Erebidae,Neachrostia limbata,346544,0
641,Erebidae,Neachrostis sp.,,0
642,Nolidae,Negeta signata,346904,1
643,Notodontidae,Neodrymonia comes,347025,11
644,Notodontidae,Neopheosia fasciata fasciata,347000,5
645,Erebidae,Nephelomilta karenkonis,431952,0
646,Pyralidae,Nephopterix sp.,,0
647,Notodontidae,Netria multispinae multispinae,349786,5
648,Crambidae,Nevrina procopia,344250,2
649,Erebidae,Nishada chilomorpha adunca,431201,0
650,Erebidae,Nodaria externalis,346550,12
651,Erebidae,Nodaria tristis,,7
652,Nolidae,Nola formosalesa,346908,4
653,Nolidae,Nola marginata,346912,0
654,Nolidae,Nola sp. 1,macro-02,0
655,Nolidae,Nola sp. 2,,0
656,Nolidae,Nola sp. 3,,0
657,Drepanidae,Nordstromia semililacina,404679,6
658,Notodontidae,Norracoides basinotata,347003,7
659,Lecithoceridae,Nosphistica acriella,,2
660,Erebidae,Notata parva,343910,2
661,Notodontidae,Notodonta griseotincta,347004,5
662,Erebidae,Nudaria ranruna,430656,2
663,Erebidae,Nudaria sp.,,0
664,Erebidae,Numenes takamukui,345891,9
665,Erebidae,Nyctemera adversata,343913,7
666,Erebidae,Nyctemera arctata albofasciata,343914,1
667,Erebidae,Nyctemera carissima formosana,343919,0
668,Geometridae,Obeidia vagipardata albomarginata,345097,2
669,Endromidae,Oberthueria formosibia,343981,10
670,Geometridae,Ocoelophora lentiginosaria festa,345100,3
671,Lasiocampidae,Odonestis bheroba formosae,430809,4
672,Lasiocampidae,Odonestis pruni,345547,0
673,Geometridae,Odontopera albiguttulata,345101,3
674,Geometridae,Odontopera bilinearia subarida,345102,4
675,Erebidae,Oglasa mediopallens,346566,3
676,Erebidae,Olene dudgeoni,345892,11
677,Erebidae,Olene suisharyonis,430140,8
678,Noctuidae,Olivenebula oberthueri,346569,7
679,Crambidae,Omiodes sp.,micro-07,0
680,Geometridae,Ophthalmitis albosignaria viridans,345106,2
681,Geometridae,Opisthograptis moelleri,345110,4
682,Geometridae,Opisthograptis punctilineata,345111,1
683,Drepanidae,Oreta brunnea,344444,5
684,Drepanidae,Oreta insignis,422033,6
685,Drepanidae,Oreta loochooana,344448,2
686,Geometridae,Organopoda carnearia carnearia,345112,1
687,Erebidae,Orgyia postica,345896,8
688,Uraniidae,Oroplema plagifera,348068,3
689,Geometridae,Orothalassodes sp.,,0
690,Geometridae,Orthocabera sericea sericea,345080,0
691,Limacodidae,Orthocraspeda furva,430010,3
692,Erebidae,Oruza mira,,4
693,Pyralidae,Orybina flaviplaga,347512,3
694,Geometridae,Ourapteryx changi,345117,2
695,Geometridae,Ourapteryx clara formosana,345118,3
696,Geometridae,Ourapteryx flavovirens,345119,2
697,Geometridae,Ourapteryx monticola,345121,1
698,Geometridae,Ourapteryx pallidula,345123,1
699,Geometridae,Ourapteryx ramosa,345124,1
700,Geometridae,Ourapteryx taiwana,345127,5
701,Geometridae,Ourapteryx yerburii virescens,345130,1
702,Erebidae,Ovipennis connexa,428289,1
703,Erebidae,Oxacme cretacea,430036,0
704,Geometridae,Oxymacaria deformis,344929,0
705,Geometridae,Oxymacaria temeraria temeraria,414102,4
706,Geometridae,Oxymacaria truncaria truncaria,414100,3
707,Erebidae,Oxyodes scrobiculata,346605,4
708,Geometridae,Pachyodes subtrita,432593,0
709,Crambidae,Pagyda nebulosa,344283,1
710,Crambidae,Palpita asiaticalis,349586,1
711,Crambidae,Palpita hypohomalia,349584,0
712,Crambidae,Palpita warrenalis,344291,0
713,Erebidae,Pangrapta lunulata,346616,1
714,Erebidae,Pangrapta sp.,,0
715,Erebidae,Pangrapta trilineata,346618,2
716,Erebidae,Panilla mila,346621,1
717,Noctuidae,Panthea grisea,347262,9
718,Erebidae,Paracolax angulata,346628,4
719,Crambidae,Paracymoriza cataclystalis,402280,3
720,Crambidae,Paracymoriza taiwanalis,344293,3
721,Geometridae,Paradarisa chloauges chloauges,345140,0
722,Geometridae,Paradarisa comparataria rantaizanensis,345139,3
723,Lasiocampidae,Paradoxopla sinuata taiwana,345549,6
724,Lasiocampidae,Paralebeda femorata mirabilis,431532,10
725,Erebidae,Paraona staudingeri formosana,343926,0
726,Drepanidae,Parapsestis argenteopicta taiwana,347730,1
727,Limacodidae,Parasa shirakii,345661,7
728,Limacodidae,Parasa sinica,429090,3
729,Erebidae,Parasiccia limbata,,0
730,Erebidae,Parasiccia sp.,,0
731,Crambidae,Parbattia arisana,344302,4
732,Geometridae,Pareclipsis serrulata,345149,3
733,Geometridae,Parectropis nigrosparsa,345151,1
734,Geometridae,Parectropis subflava,345152,5
735,Geometridae,Parobeidia gigantearia marginifascia,345153,3
736,Crambidae,Parotis athysanota,344303,0
737,Geometridae,Pelagodes antiquadraria,349334,4
738,Erebidae,Pelosia muscerda tetrasticta,343933,4
739,Euteliidae,Penicillaria maculata,346638,2
740,Geometridae,Pennithera manifesta,345156,2
741,Geometridae,Pennithera subcomis,345158,5
742,Geometridae,Peralostega deletaria deletaria,414097,3
743,Geometridae,Peratophyga grata stuningi,,2
744,Erebidae,Perciana marmorea,346640,2
745,Erebidae,Perciana taiwana,346641,0
746,Geometridae,Percnia longitermen,345160,4
747,Geometridae,Percnia luridaria nominoneura,345161,5
748,Geometridae,Percnia suffusa,345162,3
749,Sphingidae,Pergesa acteus,347690,9
750,Notodontidae,Peridea graeseri tayal,347008,6
751,Notodontidae,Peridea moorei ochreipennis,347010,0
752,Noctuidae,Peridroma saucia,346645,6
753,Geometridae,Perixera absconditaria absconditaria,345163,1
754,Geometridae,Perixera minorata dubiosa,344650,4
755,Geometridae,Perizoma fasciaria,345169,1
756,Drepanidae,Phalacra strigata insulicola,344450,2
757,Notodontidae,Phalera sp.,,0
758,Uraniidae,Phazaca alikangensis,348069,4
759,Notodontidae,Pheosia rimosa taiwanognoma,347020,4
760,Notodontidae,Pheosiopsis cinerea formosana,347023,3
761,Noctuidae,Phlogophora albovittata,346649,4
762,Noctuidae,Phlogophora clava,346650,5
763,Geometridae,Photoscotosia atrostrigata,345177,2
764,Geometridae,Photoscotosia miniosata,345179,3
765,Cossidae,Phragmataecia sp.,,0
766,Geometridae,Phthonandria atrilineata cuneilinearia,345180,5
767,Sphingidae,Phyllosphingia dissimilis dissimilis,347691,4
768,Erebidae,Pida postalba,345903,6
769,Geometridae,Piercia viridiplana,345184,1
770,Geometridae,Piercia yui,345185,2
771,Erebidae,Pilipectus prunifera,428208,2
772,Erebidae,Pilipectus taiwanus,346653,2
773,Geometridae,Plagodis reticulata,345189,2
774,Geometridae,Platycerota particolor,344767,0
775,Erebidae,Plecoptera siderogramma,431555,0
776,Noctuidae,Plusiinae sp.,,0
777,Noctuidae,Plusiopalpa adrasta shisa,346660,5
778,Geometridae,Pogonopygia pavida pavida,414117,3
779,Noctuidae,Polia goliath,346662,4
780,Noctuidae,Polia mortua caeca,346664,4
781,Erebidae,Polydesma boarmoides,346665,3
782,Cossidae,Polyphagozerra coffeae,430812,1
783,Crambidae,Polythlipta divaricata,344339,1
784,Geometridae,Postobeidia horishana,345195,0
785,Endromidae,Prismosticta fenestrata,343982,11
786,Geometridae,Problepsis albidior matsumurai,345196,4
787,Geometridae,Prochasma dentilinea,345202,0
788,Geometridae,Protonebula altera,345205,3
789,Geometridae,Protuliocnemis falcipennis,345350,0
790,Geometridae,Pseudocollix hyperythra catalalia,345210,2
791,Erebidae,Pseudocollix hyperythra catalalia,345210,2
792,Noctuidae,Pseudodeltote coenia,346677,0
793,Noctuidae,Pseudodeltote formosana,346678,4
794,Noctuidae,Pseudodeltote sp.,,0
795,Erebidae,Pseudogyrtona marmorea,346681,4
796,Geometridae,Pseudomiza aurata,345212,7
797,Geometridae,Pseudomiza flavitincta,345214,3
798,Geometridae,Pseudomiza obliquaria,345215,2
799,Drepanidae,Psidopala pennata,347733,3
800,Drepanidae,Psidopala shirakii,347734,3
801,Geometridae,Psilalcis breta rantaizana,345220,3
802,Geometridae,Psilalcis nigrifasciata,345219,5
803,Geometridae,Psilalcis pulveraria,414162,4
804,Geometridae,Psyra spurcataria,345224,4
805,Uraniidae,Pterotosoma castanea,348073,1
806,Notodontidae,Ptilodon saturata,347033,5
807,Notodontidae,Ptilophora rufula,347034,7
808,Crambidae,Pygospila tyres,344357,1
809,Geometridae,Pylargosceles steganioides limbaria,345226,1
810,Pyralidae,Pyralinae sp. 2,micro-02,0
811,Thyrididae,Pyrinioides sinuosus,347751,0
812,Limacodidae,Quasinarosa corusca,345650,0
813,Limacodidae,Quasinarosa fulgens,345651,0
814,Notodontidae,Rachia striata,426770,5
815,Notodontidae,Rachiades lichenicolor albimaculata,347036,5
816,Geometridae,Racotis boarmiaria,345227,5
817,Lasiocampidae,Radhica flavovittata taiwanensis,345552,4
818,Notodontidae,Ramesa albistriga,347037,1
819,Erebidae,Rema costimacula,346692,3
820,Sphingidae,Rhagastis mongoliana,347697,4
821,Erebidae,Rhesala imparata,346693,2
822,Geometridae,Rheumaptera albofasciata,345229,3
823,Geometridae,Rhodostrophia bisinuata wilemani,345233,5
824,Geometridae,Rikiosatoa fucataria,345234,7
825,Geometridae,Rikiosatoa mavi,345235,4
826,Nolidae,Risoba yanagitai,431480,7
827,Erebidae,Rusicada fulvida,346003,2
828,Erebidae,Rusicada privata,346009,8
829,Notodontidae,Saliocleta virgata,347040,0
830,Pyralidae,Salma sp. 1,micro-03,0
831,Pyralidae,Salma sp. 2,micro-04,0
832,Pyralidae,Salma sp. 3,micro-05,0
833,Pyralidae,Salma sp. 4,,0
834,Geometridae,Satoblephara owadai,345243,2
835,Erebidae,Scedopla umbrosa,346711,2
836,Erebidae,Schistophleps bipuncta,343938,3
837,Erebidae,Scoliopteryx libatrix,346714,5
838,Geometridae,Scopula isomerica,345265,4
839,Nolidae,Selepa sp.,,0
840,Notodontidae,Semidonta basalis,347041,4
841,Erebidae,Semiothisops macariata,346716,1
842,Erebidae,Serrodes campana,346717,7
843,Noctuidae,Sesamia nigropunctata,346719,0
844,Erebidae,Sesapa kishidai,,1
845,Erebidae,Sesapa koshuinca,,0
846,Limacodidae,Setora baibarana,345670,7
847,Drepanidae,Sewa taiwana,344439,7
848,Notodontidae,Shaka atrovittatus mushana,347042,4
849,Euteliidae,Sigmuncus albigrisea,346724,3
850,Erebidae,Simplicia bimarginata,346725,8
851,Erebidae,Simplicia cornicalis,428677,4
852,Erebidae,Simplicia discosticta,428521,8
853,Erebidae,Simplicia rhyal,428278,7
854,Erebidae,Simplicia taiwana,,5
855,Erebidae,Sinarella formosensis,428280,6
856,Erebidae,Sinarella nigrisigna,346736,11
857,Erebidae,Sinarella orientalensis,,5
858,Erebidae,Sinarella paracristulalis,,2
859,Erebidae,Sinarella sp. 1,,0
860,Erebidae,Sinarella sp. 2,,0
861,Erebidae,Sinarella subaegrota,,6
862,Erebidae,Sinarella takasago,428279,6
863,Erebidae,Sinarella yuanyuan,,8
864,Noctuidae,Sineugraphe elkalandozta,428184,7
865,Sphingidae,Smerinthulus perversa flavomaculatus,347699,7
866,Lasiocampidae,Somadasys catocoides,345553,0
867,Erebidae,Somena scintillans,345905,2
868,Notodontidae,Somera viridifusca viridifusca,347044,10
869,Erebidae,Sphrageidus virguncula,345865,0
870,Noctuidae,Sphragifera biplagiata,346744,1
871,Noctuidae,Sphragifera sigillata taimacula,346745,3
872,Erebidae,Spilarctia sp.,,0
873,Erebidae,Spilarctia wilemani,343952,5
874,Erebidae,Spilosoma fumida,426771,2
875,Erebidae,Spirama retorta,346747,0
876,Noctuidae,Spodoptera litura,346751,11
877,Noctuidae,Spodoptera mauritia acronyctoides,346753,0
878,Noctuidae,Spodoptera sp.,,0
879,Notodontidae,Stauropus sikkimensis lushanus,347049,5
880,Notodontidae,Stauropus teikichiana teikichiana,432079,5
881,Erebidae,Stenhypena costalis,346756,6
882,Noctuidae,Stenoloba assimilis taiwana,346757,3
883,Noctuidae,Stenoloba glauca,423985,0
884,Noctuidae,Stenoloba manleyi formosana,346761,3
885,Noctuidae,Stenoloba nigrabasalis,346764,2
886,Noctuidae,Stenoloba nora,346765,2
887,Noctuidae,Stenoloba pulla,346767,2
888,Erebidae,Stictane sp.,,0
889,Erebidae,Stigmatophora karenkonis,432975,0
890,Thyrididae,Striglina sp.,,0
891,Noctuidae,Strotihypera flavipuncta,346390,4
892,Pyralidae,Sybrida discinota,347545,0
893,Pyralidae,Sybrida inordinata,347546,0
894,Geometridae,Syncosmia patinata,413134,2
895,Geometridae,Synegia eumeleata,345300,2
896,Notodontidae,Syntypistis comatus,347051,2
897,Notodontidae,Syntypistis cyanea cyanea,347052,5
898,Notodontidae,Syntypistis lineata,347053,7
899,Notodontidae,Syntypistis nigribasalis nigribasalis,347054,5
900,Notodontidae,Syntypistis perdix perdix,347055,0
901,Notodontidae,Syntypistis pryeri,347056,2
902,Notodontidae,Syntypistis subgeneris subgeneris,347057,4
903,Notodontidae,Syntypistis umbrosa,347058,8
904,Notodontidae,Syntypistis viridipicta,347059,5
905,Erebidae,Sypnoides chinensis,413191,6
906,Erebidae,Sypnoides hampsoni,346776,3
907,Erebidae,Sypnoides pannosa,346777,4
908,Erebidae,Sypnoides simplex,346778,0
909,Lasiocampidae,Syrastrena sumatrana obliquilinea,345554,9
910,Erebidae,Taicallimorpha albipuncta,343812,7
911,Noctuidae,Taiwanacosmia poecila,417210,0
912,Lasiocampidae,Takanea excisa excisa,431531,2
913,Crambidae,Talanga sexpunctalis,344391,0
914,Geometridae,Tanaoctenia haliaria,345305,6
915,Geometridae,Tanaorhinus formosana,345306,5
916,Geometridae,Tanaorhinus kina flavinfra,345307,2
917,Geometridae,Tanaorhinus viridiluteata,345308,7
918,Notodontidae,Tarsolepis japonica,347060,3
919,Geometridae,Telenomeuta punctimarginaria,345310,4
920,Pyralidae,Teliphasa albifusa,347551,1
921,Pyralidae,Teliphasa amica,347552,0
922,Pyralidae,Teliphasa nubilosa,347554,1
923,Pyralidae,Teliphasa sp.,,0
924,Crambidae,Teliphasa sp.,,0
925,Crambidae,Tenerobotys subfumalis,344394,0
926,Tortricidae,Terthreutis sp.,,0
927,Erebidae,Teulisna tumida,429980,3
928,Sphingidae,Theretra tibetiana,429567,6
929,Erebidae,Thyas coronata,346573,8
930,Erebidae,Thyas juno,346796,5
931,Geometridae,Timandra stueningi,345321,0
932,Geometridae,Timandra synthaca,345322,5
933,Noctuidae,Tiracola aureata,413194,2
934,Lecithoceridae,Tisis mesozosta,345623,2
935,Lasiocampidae,Trabala vishnou guttata,345557,9
936,Noctuidae,Trachea auriplena auriplena,346800,5
937,Noctuidae,Trachea delica,428186,4
938,Geometridae,Traminda aventiaria,344901,5
939,Geometridae,Trichopterigia adorabilis,345327,2
940,Geometridae,Trichopterigia sanguinipunctata sanguinipunctata,345332,3
941,Noctuidae,Trichosea diffusa,347263,3
942,Drepanidae,Tridrepana arikana,344452,3
943,Drepanidae,Tridrepana unispina,344454,3
944,Geometridae,Tristeirometa decussata moltrechti,345346,4
945,Geometridae,Tristrophis rectifascia rectifascia,345348,4
946,Bombycidae,Triuncina brunnea,343984,8
947,Nolidae,Tyana falcata,346936,7
948,Nolidae,Tympanistes rubidorsalis,429833,2
949,Crambidae,Tyspanodes hypsalis,344405,1
950,Crambidae,Tyspanodes striata,344406,0
951,Notodontidae,Uropyia meticulodina,347065,8
952,Erebidae,Utetheisa pulchelloides vaga,343962,5
953,Erebidae,Vamuna alboluteora,426799,0
954,Nolidae,Westermannia elliptica elliptica,346938,3
955,Geometridae,Xandrames dholaria,345355,6
956,Geometridae,Xanthorhoe cybele,345358,5
957,Geometridae,Xanthorhoe mediofascia,345359,1
958,Geometridae,Xanthorhoe saturata,345360,2
959,Geometridae,Xenortholitha corioidea,345363,4
960,Noctuidae,Xenotrachea irrorata,346821,11
961,Geometridae,Xerodes contiguaria,414120,5
962,Noctuidae,Xestia csoevarii,428180,2
963,Noctuidae,Xestia flavilinea,346823,6
964,Noctuidae,Xestia supravidua,428181,3
965,Noctuidae,Xestia tamsi,346826,4
966,Noctuidae,Xylostola indistincta,346837,1
967,Geometridae,Yashmakia suffusa,345147,3
968,Erebidae,Zanclognatha nigrisigna,346843,4
969,Erebidae,Zanclognatha sp.,,0
970,Cossidae,Zeuzera multistrigata,344052,2
