,Family,Species,tags_count,tersi_count
0,Erebidae,"""Adrapsa"" sp.",0,0
1,Geometridae,"""Collix"" sp.",0,0
2,Erebidae,"""Eilema"" sp. 1",0,0
3,Erebidae,"""Eilema"" sp. 2",0,0
4,Erebidae,"""Eilema"" sp. 3",0,0
5,Noctuidae,"""Koyaga"" sp._blue",0,0
6,Geometridae,"""Lophophleps"" sp.",0,0
7,Erebidae,"""Plecoptera"" sp.",0,0
8,Noctuidae,"""Rivula"" sp.",0,0
9,Geometridae,"""Syncosmia"" sp.",0,0
10,Geometridae,Abaciscus costimacula,3,7
11,Geometridae,Abaciscus tristis tristis,0,35
12,Erebidae,Aberrasine lichenshihi,2,152
13,Geometridae,Abraxas adilluminata,14,19
14,Geometridae,Abraxas consputa,4,14
15,Geometridae,Abraxas illuminata,0,1
16,Geometridae,Abraxas persimplex,3,1
17,Geometridae,Abraxas placata,6,0
18,Geometridae,Abraxas submartiaria,3,8
19,Geometridae,Abraxas suspecta,9,3
20,Geometridae,Abraxas tenellula,12,30
21,Geometridae,Abraxas tenuisuffusa,4,2
22,Geometridae,Abraxas wilemani,3,4
23,Noctuidae,Abrostola suisharyonis suisharyonis,1,0
24,Geometridae,Acasis viretata himalayica,1,6
25,Geometridae,Achrosis rufescens,0,62
26,Geometridae,Acolutha pictaria imbecilla,0,60
27,Geometridae,Acolutha pulchella semifulva,0,16
28,Noctuidae,Acosmetia chinensis,0,12
29,Noctuidae,Acronicta gigasa,2,38
30,Noctuidae,Acronicta hercules,2,41
31,Noctuidae,Acronicta intermedia,2,19
32,Noctuidae,Acronicta pruinosa,3,17
33,Noctuidae,Acronicta sp.,0,0
34,Saturniidae,Actias ningpoana ningtaiwana,2,122
35,Erebidae,Adrapsa incertalis,4,0
36,Erebidae,Adrapsoides reticulatis,4,6
37,Noctuidae,Aedia acronyctoides,0,0
38,Adelidae,Aelidae sp.,0,0
39,Depressariidae,Aeolanthes brochias,0,1
40,Geometridae,Aethalura duplicata,0,53
41,Geometridae,Agathia magnificentia,1,9
42,Erebidae,Aglaomorpha histrio formosana,0,155
43,Drepanidae,Agnidra scabiosa fixseni,2,23
44,Sphingidae,Agrius convolvuli,1,46
45,Noctuidae,Agrotis taiwana,1,78
46,Erebidae,Agylla pulchristriata,1,17
47,Geometridae,Alcis admissaria undularia,1,110
48,Geometridae,Alcis hyberniata,0,12
49,Geometridae,Alcis maculata taiwanica,2,25
50,Geometridae,Alcis nubeculosa,2,14
51,Geometridae,Alcis pallens,2,52
52,Geometridae,Alcis plebeia,2,8
53,Geometridae,Alcis postlurida,2,57
54,Geometridae,Alcis rubicunda,1,74
55,Geometridae,Alcis scortea,1,36
56,Geometridae,Alcis semiusta,1,106
57,Geometridae,Alcis subpunctata,1,0
58,Geometridae,Alcis taiwanensis,2,89
59,Geometridae,Alcis taiwanovariegata,2,702
60,Notodontidae,Allodontoides tenebrosa,0,112
61,Erebidae,Amata hirayamae,2,0
62,Erebidae,Amata wilemani,2,19
63,Geometridae,Amblychia angeronaria,1,63
64,Geometridae,Amblychia moltrechti,1,23
65,Sphingidae,Ambulyx kuangtungensis,1,14
66,Erebidae,Ammatho honbaensis,2,21
67,Erebidae,Ammatho karenkensis karenkensis,2,0
68,Erebidae,Ammatho shiou,1,40
69,Erebidae,Ammatho tairadiata,2,19
70,Sphingidae,Ampelophaga rubiginosa myosotis,1,114
71,Noctuidae,Amphipyra formosana,1,4
72,Noctuidae,Amphipyra fuscusa,1,15
73,Noctuidae,Amphipyra tarokoensis,2,0
74,Geometridae,Amraica superans taiwana,1,3
75,Noctuidae,Amyna punctum,0,17
76,Erebidae,Anachrostis sp.,0,0
77,Noctuidae,Anacronicta nitida,3,14
78,Crambidae,Anania pata,0,0
79,Noctuidae,Anaplectoides fuscivirens,1,1
80,Noctuidae,Anaplectoides inouei,1,20
81,Erebidae,Anatatha wilemani,0,0
82,Geometridae,Anectropis fumigata,3,10
83,Geometridae,Anectropis semifascia,0,24
84,Saturniidae,Antheraea yamamai superba,0,0
85,Geometridae,Antipercnia cordiforma,1,15
86,Euteliidae,Anuga lunulata,1,9
87,Noctuidae,Apamea aquila substriata,1,0
88,Noctuidae,Apamea sodalis,2,0
89,Noctuidae,Apamea taiwana,1,15
90,Geometridae,Apithecia sp.,0,0
91,Geometridae,Apithecia viridata wilemani,2,22
92,Noctuidae,Aplexiphleps smaragdistis,3,2
93,Geometridae,Aplochlora costipicta,1,22
94,Noctuidae,Apospasta rantaizanensis,1,159
95,Noctuidae,Apsarasa radians,1,47
96,Erebidae,Arasada kanshireiensis,0,1
97,Pyralidae,Arctioblepsis rubida,1,72
98,Erebidae,Arctornis cygna,0,0
99,Erebidae,Arctornis l-nigrum okurai,1,23
100,Geometridae,Arichanna marginata,2,62
101,Geometridae,Arichanna ochrivena,2,52
102,Geometridae,Arichanna picaria,3,103
103,Geometridae,Arichanna pryeraria,3,24
104,Geometridae,Arichanna sinica refracta,0,0
105,Erebidae,Arna bipunctapex,0,43
106,Erebidae,Artena dotata,1,234
107,Noctuidae,Asidemia albovitta,2,1
108,Erebidae,Asota egens confinis,0,382
109,Erebidae,Asota heliconia zebrina,1,751
110,Erebidae,Asota tortuosa,3,61
111,Erebidae,Asura tricolor,0,0
112,Erebidae,Asuridia rubripennis,3,1
113,Noctuidae,Athetis bremusa,0,5
114,Noctuidae,Athetis brunneolineosa,1,133
115,Noctuidae,Athetis sp.,0,0
116,Noctuidae,Athetis stellata,0,40
117,Noctuidae,Atrachea ochrotica,0,9
118,Noctuidae,Atrachea sp. 1,0,0
119,Noctuidae,Atrachea viridinigra,1,12
120,Geometridae,Auaxa cesadaria,4,11
121,Geometridae,Auaxa mimosina,0,5
122,Noctuidae,Auchmis inextricata,1,26
123,Drepanidae,Auzata simpliciata,1,9
124,Drepanidae,Auzatellodes arizana,3,16
125,Erebidae,Avatha chinensis,1,176
126,Erebidae,Avitta fasciosa,0,1
127,Erebidae,Avitta puncta,2,7
128,Noctuidae,Axylia putris triseriata,2,166
129,Erebidae,Bamra albicola melli,1,0
130,Erebidae,Barsine sauteri,2,280
131,Erebidae,Barsura albidorsalis,4,31
132,Erebidae,Bastilla acuta acuta,1,78
133,Erebidae,Bastilla arcuata,0,96
134,Erebidae,Bastilla fulvotaenia,0,125
135,Erebidae,Bastilla praetermissa,0,117
136,Erebidae,Batracharta divisa,0,41
137,Nolidae,Beara tortriciformis,0,101
138,Notodontidae,Benbowia takamukuanus,3,67
139,Erebidae,Bertula chunchunyangae,2,0
140,Erebidae,Bertula incisa,4,1
141,Erebidae,Bertula quadripuncta,3,0
142,Erebidae,Bertula terminalis,3,6
143,Notodontidae,Besaia sordida,2,24
144,Notodontidae,Betashachia angustipennis angustipennis,2,7
145,Lasiocampidae,Bharetta owadai,2,35
146,Geometridae,Biston perclara,1,226
147,Geometridae,Biston regalis comitata,0,9
148,Erebidae,Blasticorhinus bifasciata,3,31
149,Erebidae,Blasticorhinus rivulosa,1,99
150,Erebidae,Blasticorhinus ussuriensis,0,13
151,Nolidae,Blenina quinaria,1,118
152,Bombycidae,Bombyx mandarina formosana,1,90
153,Crambidae,Botyodes asialis,1,30
154,Crambidae,Botyodes principalis,2,22
155,Crambidae,Bradina atopalis taiwanensis,1,0
156,Crambidae,Bradina aulacodialis,1,13
157,Crambidae,Bradina sp. 3,0,0
158,Pyralidae,Bradina sp. 4,0,0
159,Brahmaeidae,Brahmaea wallichii insulata,1,26
160,Noctuidae,Brevipecten consanguis,0,0
161,Erebidae,Brunia antica,1,121
162,Noctuidae,Bryomoia melachlora,2,0
163,Noctuidae,Bryophilina mollicula,0,0
164,Geometridae,Cabera niveopicta,2,6
165,Limacodidae,Caiella martini,2,7
166,Limacodidae,Caiella pygmy,2,17
167,Erebidae,Calliteara angulata,2,89
168,Erebidae,Calliteara arizana,3,56
169,Erebidae,Calliteara horishanella,3,83
170,Erebidae,Calliteara lunulata takamukuana,0,65
171,Erebidae,Calliteara postfusca,2,120
172,Noctuidae,Callopistria deflexusa,0,12
173,Noctuidae,Callopistria delicata,1,111
174,Noctuidae,Callopistria maillardi maillardi,3,118
175,Noctuidae,Callopistria nigrescens,1,34
176,Noctuidae,Callopistria nobilior,3,35
177,Noctuidae,Callopistria phaeogona,3,135
178,Noctuidae,Callopistria pulchrilinea,2,7
179,Noctuidae,Callopistria repleta,3,56
180,Noctuidae,Callopistria rivularis,1,29
181,Geometridae,Callygris compositata basistrigaria,0,0
182,Erebidae,Calyptra thalictri,0,0
183,Limacodidae,Cania heppneri,1,247
184,Nolidae,Carea internifusca,0,95
185,Erebidae,Catocala dejeani owadai,3,2
186,Erebidae,Catocala intacta taiwana,0,8
187,Erebidae,Catocala okurai,2,1
188,Erebidae,Catocala shirozui,4,17
189,Geometridae,Catoria sublavaria,1,61
190,Sphingidae,Cechetra lineosa,2,108
191,Crambidae,Ceratarcha umbrosa,2,162
192,Limacodidae,Ceratonema apodina,0,4
193,Erebidae,Cernyia usuguronis,1,2
194,Notodontidae,Cerura erminea formosana,0,8
195,Notodontidae,Chadisra bipars,1,6
196,Notodontidae,Chadisra bipartita,2,44
197,Noctuidae,Chandata taiwana,2,17
198,Geometridae,Chartographa convexa,0,0
199,Noctuidae,Chasminodes pseudalbonitens,2,0
200,Noctuidae,Checupa stegeri,3,68
201,Geometridae,Chiasmia defixaria,0,4
202,Limacodidae,Chibiraga banghaasi,0,2
203,Geometridae,Chlorissa arcana,2,36
204,Geometridae,Chloroclystis blanda,0,36
205,Noctuidae,Chloroclystis blanda,0,0
206,Geometridae,Chloroclystis rubroviridis,0,20
207,Erebidae,Chorsia albiscriptus,0,0
208,Erebidae,Chrysaeglia magnifica,1,401
209,Noctuidae,Chrysodeixis eriosoma,1,105
210,Noctuidae,Chrysodeixis minutus,0,42
211,Noctuidae,Chrysodeixis taiwani,1,63
212,Erebidae,Chrysorabdia taiwana,1,5
213,Erebidae,Chrysorabdia vilemani,1,62
214,Uraniidae,Chundana emarginata,0,30
215,Erebidae,Churinga virago,1,63
216,Noctuidae,Chytonix sp. 1,0,0
217,Noctuidae,Chytonix sp. 2,0,0
218,Noctuidae,Chytonix variegata,1,28
219,Erebidae,Cidariplura bilineata,3,3
220,Erebidae,Cidariplura maraho,5,1
221,Erebidae,Cidariplura sp.,0,0
222,Erebidae,Cidariplura tsoyuanhsiehi,3,0
223,Crambidae,Circobotys sp.,0,0
224,Zygaenidae,Clelea formosana,0,0
225,Geometridae,Cleora contiguata contiguata,0,41
226,Geometridae,Cleora fraterna,4,444
227,Geometridae,Cleora sp.,0,0
228,Nolidae,Clethrophora distincta,1,4
229,Notodontidae,Clostera anachoreta,2,8
230,Notodontidae,Cnethodonta grisescens baibarana,1,90
231,Geometridae,Collix ghosha,0,30
232,Geometridae,Comibaena pictipennis pictipennis,2,19
233,Geometridae,Comibaena procumbaria,0,91
234,Geometridae,Comibaena subdelicata,0,24
235,Geometridae,Comostola enodata,2,7
236,Geometridae,Comostola laesaria,0,77
237,Geometridae,Comostola ocellulata,2,27
238,Geometridae,Comostola satoi,1,0
239,Geometridae,Comostola sp.,0,0
240,Endromidae,Comparmustilia gerontica,2,105
241,Noctuidae,Condica illecta,1,11
242,Noctuidae,Condica sp.,0,0
243,Crambidae,Conogethes sp.,0,0
244,Erebidae,Corgatha costimacula,0,5
245,Erebidae,Corgatha sp. 1,0,0
246,Erebidae,Corgatha sp. 2,0,0
247,Geometridae,Corymica pryeri,0,73
248,Geometridae,Corymica spatiosa,0,156
249,Noctuidae,Cosmia achatina,1,0
250,Noctuidae,Cosmia moderata,1,1
251,Noctuidae,Cosmia sp.,0,0
252,Lasiocampidae,Cosmotriche discitincta discitincta,2,120
253,Crambidae,Cotachena pubescens,0,9
254,Crambidae,Crambidae sp. 1,0,0
255,Crambidae,Crambus sp.,0,0
256,Erebidae,Creatonotos transiens vacillans,0,555
257,Crambidae,Crocidolomia sp.,0,0
258,Noctuidae,Cryphia granitalis,2,0
259,Noctuidae,Cryphia hohuana,0,0
260,Noctuidae,Ctenoplusia albostriata,1,40
261,Noctuidae,Ctenoplusia mutans,0,3
262,Geometridae,Cusiala boarmioides,2,208
263,Erebidae,Cyana formosana,1,68
264,Erebidae,Cyana hamata hamata,1,520
265,Erebidae,Cyana sanguinea,0,93
266,Erebidae,Cyana sp. 1,0,0
267,Crambidae,Cyana sp. 1,0,0
268,Crambidae,Cymoriza sp.,0,0
269,Erebidae,Daddala lucilla,0,364
270,Erebidae,Danielithosia sp. 1,0,0
271,Erebidae,Danielithosia sp. 2,0,0
272,Erebidae,Danielithosia sp. 3,0,0
273,Geometridae,Deileptenia rimosaria,2,23
274,Lasiocampidae,Dendrolimus arizana,2,84
275,Lasiocampidae,Dendrolimus punctatus,3,20
276,Lasiocampidae,Dendrolimus taiwana,2,54
277,Drepanidae,Deroca hidda ampla,1,6
278,Noctuidae,Diarsia arenosoides,4,36
279,Noctuidae,Diarsia cia,1,30
280,Noctuidae,Diarsia formosensis,1,50
281,Noctuidae,Diarsia nigrafasciata,2,10
282,Noctuidae,Diarsia nigrosigna,2,89
283,Noctuidae,Diarsia sp.,0,0
284,Noctuidae,Diarsia subtincta,1,28
285,Noctuidae,Diarsia yoshimotoi,3,12
286,Erebidae,Diduga flavicostata,0,0
287,Geometridae,Dilophodes elegans khasiana,0,61
288,Geometridae,Dindica polyphaenaria,1,89
289,Geometridae,Dindica taiwana,2,97
290,Geometridae,Dindica wilemani,1,19
291,Erebidae,Diomea insulana,4,13
292,Erebidae,Diomea sp.,0,0
293,Noctuidae,Discibocome pulchra,3,125
294,Notodontidae,Disparia diluta variegata,3,26
295,Notodontidae,Disparia wilemani,3,37
296,Drepanidae,Ditrigona conflexaria micronioides,1,9
297,Sphingidae,Dolbina inexacta,1,118
298,Drepanidae,Drepana pallida nigromaculata,2,36
299,Notodontidae,Dudusa nobilis,2,149
300,Noctuidae,Dypterygia subfusca,2,13
301,Uraniidae,Dysaethria flavistriga,0,28
302,Uraniidae,Dysaethria sp.,0,0
303,Geometridae,Dysstroma calamistratum,0,0
304,Geometridae,Dysstroma cinereata cinereata,2,23
305,Geometridae,Dysstroma fumata,0,38
306,Geometridae,Dysstroma sikkimensis,1,6
307,Nolidae,Earias punctaria,0,0
308,Nolidae,Earias roseifera,0,0
309,Nolidae,Earias sp.,0,0
310,Geometridae,Ecliptopera benigna,0,36
311,Geometridae,Ecliptopera delecta,0,23
312,Geometridae,Ecliptopera muscicolor allobathra,0,34
313,Geometridae,Ecliptopera recordans,1,13
314,Geometridae,Ecliptopera rectilinea kanshinensis,0,56
315,Geometridae,Ecliptopera umbrosaria stathera,1,48
316,Erebidae,Ectogonia butleri,4,3
317,Erebidae,Ectogonia sp.,0,0
318,Geometridae,Ectropis arizanensis,4,34
319,Geometridae,Ectropis bhurmitra,1,89
320,Geometridae,Ectropis excellens,1,24
321,Erebidae,Eilema karenkona,1,34
322,Erebidae,Eilema pulverea,0,18
323,Erebidae,Eilema ratonis,0,0
324,Erebidae,Eilema sp. 1,0,0
325,Erebidae,Eilema sp. 2,0,0
326,Erebidae,Eilema subcosteola,1,0
327,Nolidae,Eligma narcissus,1,21
328,Noctuidae,Elusa ustula,1,112
329,Pyralidae,Endotricha metacuralis,3,26
330,Pyralidae,Endotricha olivacealis,1,166
331,Geometridae,Entomopteryx combusta,5,65
332,Erebidae,Episparis taiwana,0,51
333,Geometridae,Epobeidia lucifera extranigricans,4,67
334,Geometridae,Epobeidia tigrata maxima,2,15
335,Erebidae,Ercheia umbrosa,0,72
336,Erebidae,Ericeia pertendens,0,18
337,Erebidae,Ericeia subcinerea,4,4
338,Erebidae,Eublemma sp.,0,0
339,Geometridae,Euchristophia cumulata meridionalis,2,14
340,Geometridae,Eucyclodes gavissima aphrodite,4,13
341,Geometridae,Eucyclodes lalashana,2,6
342,Erebidae,Eudocima okurai,1,27
343,Erebidae,Eudocima phalonia,2,103
344,Erebidae,Eudocima tyrannus,1,7
345,Erebidae,Eugoa cernyi,0,64
346,Erebidae,Eugoa formosicola,2,19
347,Erebidae,Eugoa grisea,1,38
348,Erebidae,Eugoa sinuata,2,2
349,Erebidae,Eugoa sp.,0,0
350,Notodontidae,Euhampsonia cristata,1,7
351,Notodontidae,Euhampsonia formosana,1,35
352,Geometridae,Eupithecia quadripunctata,0,1
353,Noctuidae,Euplexia albirena,1,7
354,Noctuidae,Euplexidia pallidivirens,3,61
355,Erebidae,Euproctis baibarana,0,13
356,Erebidae,Euproctis croceola,0,47
357,Erebidae,Euproctis inornata,0,17
358,Erebidae,Euproctis kanshireia,1,165
359,Erebidae,Euproctis marginata insulata,1,0
360,Erebidae,Euproctis nigricauda,3,25
361,Erebidae,Euproctis purpureofasciata,1,48
362,Erebidae,Euproctis sericea,0,23
363,Erebidae,Euproctis sp.,0,0
364,Erebidae,Euproctis sparsa,0,27
365,Erebidae,Euproctis staudingeri,1,4
366,Erebidae,Euproctis taiwana,1,4
367,Noctuidae,Euromoia subpulchra,2,11
368,Psychidae,Eurukuttarus tatahashii,0,0
369,Geometridae,Euryobeidia largeteaui,0,0
370,Notodontidae,Eushachia acyptera insido,1,3
371,Lasiocampidae,Euthrix ochreipuncta,1,8
372,Lasiocampidae,Euthrix tamahonis,5,29
373,Geometridae,Fascellina chromataria,2,419
374,Geometridae,Fascellina plagiata,0,64
375,Noctuidae,Fascionycta fasciata,1,74
376,Noctuidae,Feliniopsis asahinai,3,14
377,Notodontidae,Fentonia baibarana,0,74
378,Notodontidae,Fentonia macroparabolica,1,1
379,Notodontidae,Fentonia parabolica,1,9
380,Limacodidae,Flavinarosa obscura,0,29
381,Notodontidae,Formofentonia orbifer rotundata,3,50
382,Nolidae,Gabala roseoretis,0,10
383,Pyralidae,Galleria mellonella,0,3
384,Erebidae,Gampola sp.,0,0
385,Erebidae,Ganhara sp.,0,0
386,Geometridae,Garaeus apicata formosanus,4,147
387,Geometridae,Garaeus argillacea,1,4
388,Geometridae,Gasterocome pannosaria orta,1,203
389,Lasiocampidae,Gastropacha horishana,2,55
390,Lasiocampidae,Gastropacha insularis,2,2
391,Lasiocampidae,Gastropacha pardale formosana,2,61
392,Notodontidae,Gazalina purificata,2,0
393,Nolidae,Gelastocera exusta,1,14
394,Noctuidae,Genoveva magnirena,4,1
395,Erebidae,Ghoria bani,2,12
396,Erebidae,Ghoria subpurpurea,2,19
397,Notodontidae,Ginshachia elongata,2,9
398,Crambidae,Glyphodes chilka,1,17
399,Geometridae,Gnophos delitescens,1,16
400,Geometridae,Gonanticlea ochreivittata,1,33
401,Limacodidae,Griseothosea fasciata,2,0
402,Erebidae,Gymnasura semilutea,0,0
403,Geometridae,Gymnoscelis albicaudata,1,7
404,Geometridae,Gymnoscelis sp.,0,0
405,Drepanidae,Habrosyne indica formosana,1,143
406,Erebidae,Hadennia macrobliqua,3,0
407,Erebidae,Hamodes propitia,1,20
408,Noctuidae,Harmandicrania harmandi,2,50
409,Geometridae,Harutaea flavizona,1,23
410,Geometridae,Harutalcis fumigata,4,97
411,Geometridae,Hastina subfalcaria caeruleolineata,0,14
412,Noctuidae,Helicoverpa armigera,2,56
413,Erebidae,Hemipsilia coavestis,3,51
414,Erebidae,Hemipsilia sp.,0,0
415,Geometridae,Hemistola monotona,4,3
416,Erebidae,Hemistola simplex,0,0
417,Geometridae,Hemistola simplex,4,28
418,Erebidae,Herminia decipiens,4,22
419,Erebidae,Herminia kurokoi,2,49
420,Erebidae,Herminia sp.,0,0
421,Erebidae,Herminia vermiculata,1,0
422,Noctuidae,Hermonassa formontana,1,17
423,Noctuidae,Hermonassa hemicyclia,1,1
424,Noctuidae,Hermonassa inconstans,1,7
425,Noctuidae,Hermonassa legraini,2,1
426,Erebidae,Hesudra divisa,1,194
427,Geometridae,Heterolocha biplagiata,3,5
428,Geometridae,Heterolocha coccinea,1,81
429,Geometridae,Heterophleps confusa punkikonis,1,0
430,Geometridae,Heterostegania lunulosa,1,21
431,Geometridae,Heterothera incerta,0,0
432,Geometridae,Heterothera sororcula,1,70
433,Notodontidae,Hexafrenum leucodera yamamotoi,1,22
434,Notodontidae,Hexafrenum maculifer,2,16
435,Notodontidae,Higena trichosticha,2,13
436,Noctuidae,Himachalia formosana,1,14
437,Erebidae,Hipoepa biasalis,4,78
438,Geometridae,Hirasa punctivenaria taiwana,0,14
439,Noctuidae,Hoplodrina implacata,1,6
440,Drepanidae,Horithyatira decorata takamukui,1,165
441,Notodontidae,Hupodonta corticalis,2,6
442,Notodontidae,Hupodonta lignea,1,5
443,Geometridae,Hydatocapnia gemina,0,121
444,Geometridae,Hydrelia bicolorata,0,17
445,Erebidae,Hydrillodes fusca,4,0
446,Erebidae,Hydrillodes nilgirialis,0,111
447,Erebidae,Hydrillodes sp.,0,0
448,Nolidae,Hylophilodes tsukusensis,3,58
449,Erebidae,Hypena albopunctalis,0,67
450,Erebidae,Hypena cyanea,2,42
451,Erebidae,Hypena iconicalis,0,59
452,Erebidae,Hypena indicatalis,0,18
453,Erebidae,Hypena longipennis,1,135
454,Erebidae,Hypena nepa,1,0
455,Erebidae,Hypena perspicua,1,112
456,Erebidae,Hypena sinuosa,2,91
457,Erebidae,Hypena sp.,0,0
458,Erebidae,Hypena sp. 1,0,0
459,Erebidae,Hypena sp. 2,0,0
460,Erebidae,Hypena taiwana,1,54
461,Erebidae,Hypena tenebralis,1,93
462,Erebidae,Hypena trigonalis,2,17
463,Erebidae,Hypena tristalis,1,22
464,Erebidae,Hypenagonia obliquifascia,1,0
465,Erebidae,Hypenomorpha sp.,0,0
466,Erebidae,Hypersypnoides formosensis,3,40
467,Erebidae,Hypersypnoides punctosa,2,68
468,Erebidae,Hypersypnoides quadrinotata,0,10
469,Erebidae,Hypersypnoides submarginata,3,87
470,Erebidae,Hypocala deflorata,0,0
471,Erebidae,Hypocala subsatura,1,199
472,Erebidae,Hypocala violacea,0,23
473,Geometridae,Hypocometa clauda,1,55
474,Geometridae,Hypomecis cineracea,0,143
475,Geometridae,Hypomecis formosana,3,2
476,Geometridae,Hypomecis monotona,1,2
477,Geometridae,Hypomecis nudicosta,3,15
478,Geometridae,Hypomecis obliquisigna,2,33
479,Geometridae,Hypomecis percnioides,1,71
480,Geometridae,Hypomecis punctinalis glos,3,80
481,Geometridae,Hyposidra talaca talaca,2,363
482,Erebidae,Hypospila bolinoides,1,355
483,Zygaenidae,Hysteroscene hyalina,1,22
484,Geometridae,Hysterura protagma agaura,1,3
485,Geometridae,Idaea sugillata,2,25
486,Erebidae,Ilema kosemponica,0,105
487,Erebidae,Ilema nachiensis,2,27
488,Erebidae,Ilema olivacea,2,177
489,Erebidae,Ilema sp.,0,0
490,Geometridae,Iotaphora admirabilis,2,1
491,Limacodidae,Iraga rugosa,0,77
492,Nolidae,Iragaodes nobilis,0,31
493,Noctuidae,Iragaodes nobilis,0,0
494,Erebidae,Isoura fuscicollis,1,1
495,Geometridae,Jankowskia taiwanensis,1,20
496,Geometridae,Jodis rantaizanensis,3,46
497,Noctuidae,Karana gemmifera,3,43
498,Erebidae,Katha magnata magnata,3,120
499,Erebidae,Katha sp._small_yellow,0,0
500,Nolidae,Kerala lentiginosa,1,30
501,Nolidae,Kerala sp.,0,0
502,Noctuidae,Koyaga sp.,0,0
503,Noctuidae,Koyaga virescens,0,10
504,Noctuidae,Koyaga viriditincta,1,1
505,Geometridae,Krananda oliveomarginata,0,121
506,Geometridae,Krananda semihyalina,2,270
507,Lasiocampidae,Kunugia undans metanastroides,8,99
508,Erebidae,Laelia formosana,0,17
509,Erebidae,Laelia sp.,0,0
510,Erebidae,Laelia striata,0,5
511,Pyralidae,Lamida obscura,1,56
512,Geometridae,Lassaba parvalbidaria parvalbidaria,3,207
513,Erebidae,Lemyra rhodophilodes,2,59
514,Erebidae,Lemyra wernerthomasi,1,11
515,Geometridae,Leptomiza calcearia calcearia,2,19
516,Noctuidae,Leucapamea feketeanyaka,2,5
517,Noctuidae,Leucapamea formosensis,1,42
518,Noctuidae,Leucapamea tsueyluana,1,2
519,Drepanidae,Leucoblepsis taiwanensis,1,51
520,Erebidae,Leucoma clara,0,59
521,Notodontidae,Liparopsis postalbida,2,71
522,Erebidae,Lithosiinae sp._seasome spots,0,0
523,Erebidae,Lithosiinae sp._white&black_spot,0,0
524,Erebidae,Lithosiini sp. 2,0,0
525,Erebidae,Lithosiini sp._small,0,0
526,Geometridae,Lobogonodes taiwana,2,9
527,Crambidae,Locastra muscosalis,0,0
528,Pyralidae,Locastra muscosalis,1,92
529,Geometridae,Lomographa claripennis,3,32
530,Geometridae,Lomographa inamata,3,55
531,Geometridae,Lomographa margarita,2,38
532,Geometridae,Lomographa percnosticta,1,46
533,Geometridae,Lomographa platyleucata marginata,3,117
534,Geometridae,Lophobates inchoata,0,153
535,Notodontidae,Lophocosma nigrilinea geniculata,0,3
536,Notodontidae,Lophontosia fusca,1,55
537,Geometridae,Lophophelma iterans onerosus,2,135
538,Geometridae,Lophophelma taiwana,3,108
539,Geometridae,Lophophleps informis,0,1
540,Euteliidae,Lophoptera longipennis,1,60
541,Euteliidae,Lophoptera sp. 1,0,0
542,Noctuidae,Loscopia scotoptera insularis,0,1
543,Geometridae,Loxaspilates montuosa,5,68
544,Noctuidae,Loxopamea rufus,7,40
545,Erebidae,Luceria sp.,0,0
546,Geometridae,Luxiaria amasa amasa,2,57
547,Geometridae,Luxiaria mitorrhaphes,2,181
548,Erebidae,Lygniodes hypoleuca,0,63
549,Erebidae,Lymantria concolor concolor,3,149
550,Erebidae,Lymantria grisea,2,50
551,Erebidae,Lymantria mathura subpallida,1,220
552,Erebidae,Lymantria monacha,3,7
553,Erebidae,Lymantria pulverea,4,3
554,Erebidae,Lymantria sugii,2,26
555,Erebidae,Lymantria umbrifera,1,73
556,Erebidae,Lymantria xylina xylina,2,32
557,Erebidae,Lysimelia lucidoides,3,2
558,Drepanidae,Macrocilix mysticata flavotincta,2,98
559,Noctuidae,Magusa interrupta,1,22
560,Noctuidae,Magusa tenebrosa,1,31
561,Limacodidae,Mahanta kawadai,0,11
562,Noctuidae,Maliattha signifera,0,27
563,Noctuidae,Mamestra brassicae,2,2
564,Geometridae,Martania taiwana,1,30
565,Sphingidae,Marumba cristata bukaiana,0,138
566,Sphingidae,Marumba gaschkewitschii gressitti,1,26
567,Sphingidae,Marumba sperchius sperchius,1,96
568,Erebidae,Mataeomera biangulata,0,9
569,Erebidae,Matsumursine horishanella,3,106
570,Geometridae,Maxates acutigoniata,1,3
571,Geometridae,Maxates extrambigua,1,3
572,Geometridae,Maxates grandificaria,2,4
573,Erebidae,Medama diplaga,1,54
574,Nolidae,Meganola triangulalis,0,29
575,Geometridae,Melanthia catenaria mesozona,0,0
576,Geometridae,Melanthia procellata szechuanensis,2,0
577,Erebidae,Melapia kishidai,0,6
578,Geometridae,Menophra anaplagiata,1,134
579,Geometridae,Menophra humeraria,0,0
580,Geometridae,Menophra mitsundoi,0,12
581,Geometridae,Menophra nakajimai,2,52
582,Geometridae,Menophra taiwana,3,72
583,Geometridae,Mesastrape fulguraria fulguraria,2,47
584,Geometridae,Mesoleuca costipannaria,1,2
585,Notodontidae,Mesophalera stigmatoides,2,0
586,Erebidae,Mesoplectra sp. 2,0,0
587,Erebidae,Mesoplectra sp. 3,0,0
588,Erebidae,Mesoplectra sp._small,0,0
589,Geometridae,Mesoptila melanolopha,0,10
590,Erebidae,Metaemene atrigutta,0,97
591,Erebidae,Metaemene hampsoni,0,28
592,Lasiocampidae,Metanastria hyrtaca,0,28
593,Erebidae,Meteugoa ochrivena japonica,0,30
594,Erebidae,Micreremites sp.,0,0
595,Drepanidae,Microblepsis violacea,0,135
596,Geometridae,Micronidia intermedia,2,21
597,Notodontidae,Microphalera grisea yoshimotoi,3,19
598,Erebidae,Miltochrista acteola,0,30
599,Erebidae,Miltochrista alikangiae,0,0
600,Erebidae,Miltochrista arcuata,2,126
601,Erebidae,Miltochrista mediobliqua,1,5
602,Erebidae,Miltochrista sp.,0,0
603,Erebidae,Miltochrista wenchiyehi,1,4
604,Erebidae,Miltochrista yueh,2,5
605,Erebidae,Mithuna arizana,0,106
606,Noctuidae,Mniotype aulombardi,2,32
607,Erebidae,Mocis annetta,0,2
608,Erebidae,Mocis frugalis,0,85
609,Limacodidae,Monema rubriceps,2,111
610,Geometridae,Monocerotesa conjuncta,1,2
611,Geometridae,Monocerotesa flavescens,1,8
612,Geometridae,Monocerotesa unifasciata,0,0
613,Zygaenidae,Morionia sciara,0,17
614,Erebidae,Mosopia parasordidum,3,0
615,Erebidae,Mosopia sp. 1,0,0
616,Erebidae,Mosopia subnubila,2,5
617,Endromidae,Mustilia gerontica,0,0
618,Geometridae,Myrioblephara fenchihuana,0,12
619,Geometridae,Myrioblephara simplaria simplaria,0,61
620,Noctuidae,Mythimna argentata,1,2
621,Noctuidae,Mythimna bistrigata,1,37
622,Noctuidae,Mythimna guanyuana,4,20
623,Noctuidae,Mythimna hannemanni,2,10
624,Noctuidae,Mythimna lishana,3,1
625,Noctuidae,Mythimna loreyi,2,14
626,Noctuidae,Mythimna martoni,1,20
627,Noctuidae,Mythimna plantei,2,16
628,Noctuidae,Mythimna radiata,2,41
629,Noctuidae,Mythimna sinuosa,5,39
630,Erebidae,Naarda sp.,0,0
631,Noctuidae,Nacna buschmannferenci,2,62
632,Crambidae,Nacoleia charesalis,0,55
633,Geometridae,Nadagara subnubila,1,3
634,Geometridae,Nadagara umbrifera,1,2
635,Nolidae,Nanola sp.,0,0
636,Nolidae,Narangodes argyrostrigatus,2,12
637,Nolidae,Narangodes flavibasis,1,8
638,Limacodidae,Narosa nigrisigna,0,44
639,Limacodidae,Narosoideus flavidorsalis,2,130
640,Erebidae,Neachrostia limbata,0,0
641,Erebidae,Neachrostis sp.,0,0
642,Nolidae,Negeta signata,0,66
643,Notodontidae,Neodrymonia comes,6,1
644,Notodontidae,Neopheosia fasciata fasciata,2,87
645,Erebidae,Nephelomilta karenkonis,2,34
646,Pyralidae,Nephopterix sp.,0,0
647,Notodontidae,Netria multispinae multispinae,4,78
648,Crambidae,Nevrina procopia,1,270
649,Erebidae,Nishada chilomorpha adunca,0,0
650,Erebidae,Nodaria externalis,2,4
651,Erebidae,Nodaria tristis,2,0
652,Nolidae,Nola formosalesa,4,10
653,Nolidae,Nola marginata,0,22
654,Nolidae,Nola sp. 1,0,0
655,Nolidae,Nola sp. 2,0,0
656,Nolidae,Nola sp. 3,0,0
657,Drepanidae,Nordstromia semililacina,1,111
658,Notodontidae,Norracoides basinotata,3,65
659,Lecithoceridae,Nosphistica acriella,1,0
660,Erebidae,Notata parva,2,40
661,Notodontidae,Notodonta griseotincta,3,118
662,Erebidae,Nudaria ranruna,1,54
663,Erebidae,Nudaria sp.,0,0
664,Erebidae,Numenes takamukui,1,0
665,Erebidae,Nyctemera adversata,1,96
666,Erebidae,Nyctemera arctata albofasciata,0,84
667,Erebidae,Nyctemera carissima formosana,1,175
668,Geometridae,Obeidia vagipardata albomarginata,1,0
669,Endromidae,Oberthueria formosibia,2,32
670,Geometridae,Ocoelophora lentiginosaria festa,1,5
671,Lasiocampidae,Odonestis bheroba formosae,2,48
672,Lasiocampidae,Odonestis pruni,0,0
673,Geometridae,Odontopera albiguttulata,2,196
674,Geometridae,Odontopera bilinearia subarida,3,36
675,Erebidae,Oglasa mediopallens,1,9
676,Erebidae,Olene dudgeoni,3,361
677,Erebidae,Olene suisharyonis,2,29
678,Noctuidae,Olivenebula oberthueri,3,5
679,Crambidae,Omiodes sp.,0,0
680,Geometridae,Ophthalmitis albosignaria viridans,0,0
681,Geometridae,Opisthograptis moelleri,2,46
682,Geometridae,Opisthograptis punctilineata,0,66
683,Drepanidae,Oreta brunnea,2,52
684,Drepanidae,Oreta insignis,3,89
685,Drepanidae,Oreta loochooana,0,20
686,Geometridae,Organopoda carnearia carnearia,1,79
687,Erebidae,Orgyia postica,0,159
688,Uraniidae,Oroplema plagifera,1,14
689,Geometridae,Orothalassodes sp.,0,0
690,Geometridae,Orthocabera sericea sericea,1,121
691,Limacodidae,Orthocraspeda furva,0,27
692,Erebidae,Oruza mira,1,6
693,Pyralidae,Orybina flaviplaga,1,36
694,Geometridae,Ourapteryx changi,2,220
695,Geometridae,Ourapteryx clara formosana,2,229
696,Geometridae,Ourapteryx flavovirens,2,16
697,Geometridae,Ourapteryx monticola,1,8
698,Geometridae,Ourapteryx pallidula,1,106
699,Geometridae,Ourapteryx ramosa,1,35
700,Geometridae,Ourapteryx taiwana,2,16
701,Geometridae,Ourapteryx yerburii virescens,1,113
702,Erebidae,Ovipennis connexa,1,5
703,Erebidae,Oxacme cretacea,0,62
704,Geometridae,Oxymacaria deformis,5,15
705,Geometridae,Oxymacaria temeraria temeraria,2,5
706,Geometridae,Oxymacaria truncaria truncaria,2,12
707,Erebidae,Oxyodes scrobiculata,0,296
708,Geometridae,Pachyodes subtrita,2,78
709,Crambidae,Pagyda nebulosa,1,26
710,Crambidae,Palpita asiaticalis,1,98
711,Crambidae,Palpita hypohomalia,0,30
712,Crambidae,Palpita warrenalis,1,17
713,Erebidae,Pangrapta lunulata,0,15
714,Erebidae,Pangrapta sp.,0,0
715,Erebidae,Pangrapta trilineata,2,38
716,Erebidae,Panilla mila,1,7
717,Noctuidae,Panthea grisea,3,24
718,Erebidae,Paracolax angulata,2,1
719,Crambidae,Paracymoriza cataclystalis,1,43
720,Crambidae,Paracymoriza taiwanalis,0,10
721,Geometridae,Paradarisa chloauges chloauges,3,60
722,Geometridae,Paradarisa comparataria rantaizanensis,1,40
723,Lasiocampidae,Paradoxopla sinuata taiwana,2,105
724,Lasiocampidae,Paralebeda femorata mirabilis,0,97
725,Erebidae,Paraona staudingeri formosana,1,70
726,Drepanidae,Parapsestis argenteopicta taiwana,1,15
727,Limacodidae,Parasa shirakii,0,110
728,Limacodidae,Parasa sinica,0,1
729,Erebidae,Parasiccia limbata,0,0
730,Erebidae,Parasiccia sp.,0,0
731,Crambidae,Parbattia arisana,1,5
732,Geometridae,Pareclipsis serrulata,2,24
733,Geometridae,Parectropis nigrosparsa,1,0
734,Geometridae,Parectropis subflava,1,41
735,Geometridae,Parobeidia gigantearia marginifascia,2,42
736,Crambidae,Parotis athysanota,0,0
737,Geometridae,Pelagodes antiquadraria,4,0
738,Erebidae,Pelosia muscerda tetrasticta,0,8
739,Euteliidae,Penicillaria maculata,0,37
740,Geometridae,Pennithera manifesta,0,10
741,Geometridae,Pennithera subcomis,2,33
742,Geometridae,Peralostega deletaria deletaria,0,0
743,Geometridae,Peratophyga grata stuningi,2,12
744,Erebidae,Perciana marmorea,1,17
745,Erebidae,Perciana taiwana,0,40
746,Geometridae,Percnia longitermen,1,233
747,Geometridae,Percnia luridaria nominoneura,1,111
748,Geometridae,Percnia suffusa,0,46
749,Sphingidae,Pergesa acteus,2,48
750,Notodontidae,Peridea graeseri tayal,1,1
751,Notodontidae,Peridea moorei ochreipennis,2,18
752,Noctuidae,Peridroma saucia,2,15
753,Geometridae,Perixera absconditaria absconditaria,1,0
754,Geometridae,Perixera minorata dubiosa,0,3
755,Geometridae,Perizoma fasciaria,0,34
756,Drepanidae,Phalacra strigata insulicola,0,46
757,Notodontidae,Phalera sp.,0,0
758,Uraniidae,Phazaca alikangensis,1,80
759,Notodontidae,Pheosia rimosa taiwanognoma,2,11
760,Notodontidae,Pheosiopsis cinerea formosana,3,46
761,Noctuidae,Phlogophora albovittata,2,109
762,Noctuidae,Phlogophora clava,2,17
763,Geometridae,Photoscotosia atrostrigata,2,3
764,Geometridae,Photoscotosia miniosata,3,17
765,Cossidae,Phragmataecia sp.,0,0
766,Geometridae,Phthonandria atrilineata cuneilinearia,1,30
767,Sphingidae,Phyllosphingia dissimilis dissimilis,0,2
768,Erebidae,Pida postalba,2,51
769,Geometridae,Piercia viridiplana,0,0
770,Geometridae,Piercia yui,1,6
771,Erebidae,Pilipectus prunifera,1,15
772,Erebidae,Pilipectus taiwanus,1,37
773,Geometridae,Plagodis reticulata,0,16
774,Geometridae,Platycerota particolor,0,24
775,Erebidae,Plecoptera siderogramma,0,45
776,Noctuidae,Plusiinae sp.,0,0
777,Noctuidae,Plusiopalpa adrasta shisa,1,43
778,Geometridae,Pogonopygia pavida pavida,1,198
779,Noctuidae,Polia goliath,0,11
780,Noctuidae,Polia mortua caeca,3,3
781,Erebidae,Polydesma boarmoides,1,0
782,Cossidae,Polyphagozerra coffeae,0,83
783,Crambidae,Polythlipta divaricata,0,112
784,Geometridae,Postobeidia horishana,0,1
785,Endromidae,Prismosticta fenestrata,2,86
786,Geometridae,Problepsis albidior matsumurai,1,62
787,Geometridae,Prochasma dentilinea,0,0
788,Geometridae,Protonebula altera,2,5
789,Geometridae,Protuliocnemis falcipennis,1,0
790,Geometridae,Pseudocollix hyperythra catalalia,1,26
791,Erebidae,Pseudocollix hyperythra catalalia,0,0
792,Noctuidae,Pseudodeltote coenia,0,4
793,Noctuidae,Pseudodeltote formosana,1,39
794,Noctuidae,Pseudodeltote sp.,0,0
795,Erebidae,Pseudogyrtona marmorea,2,16
796,Geometridae,Pseudomiza aurata,3,68
797,Geometridae,Pseudomiza flavitincta,1,28
798,Geometridae,Pseudomiza obliquaria,1,20
799,Drepanidae,Psidopala pennata,2,23
800,Drepanidae,Psidopala shirakii,2,7
801,Geometridae,Psilalcis breta rantaizana,0,169
802,Geometridae,Psilalcis nigrifasciata,3,4
803,Geometridae,Psilalcis pulveraria,1,155
804,Geometridae,Psyra spurcataria,1,59
805,Uraniidae,Pterotosoma castanea,0,34
806,Notodontidae,Ptilodon saturata,2,1
807,Notodontidae,Ptilophora rufula,2,2
808,Crambidae,Pygospila tyres,1,22
809,Geometridae,Pylargosceles steganioides limbaria,0,11
810,Pyralidae,Pyralinae sp. 2,0,0
811,Thyrididae,Pyrinioides sinuosus,0,144
812,Limacodidae,Quasinarosa corusca,1,13
813,Limacodidae,Quasinarosa fulgens,0,18
814,Notodontidae,Rachia striata,2,26
815,Notodontidae,Rachiades lichenicolor albimaculata,3,32
816,Geometridae,Racotis boarmiaria,1,79
817,Lasiocampidae,Radhica flavovittata taiwanensis,2,20
818,Notodontidae,Ramesa albistriga,0,14
819,Erebidae,Rema costimacula,2,13
820,Sphingidae,Rhagastis mongoliana,1,18
821,Erebidae,Rhesala imparata,2,8
822,Geometridae,Rheumaptera albofasciata,2,1
823,Geometridae,Rhodostrophia bisinuata wilemani,3,8
824,Geometridae,Rikiosatoa fucataria,4,49
825,Geometridae,Rikiosatoa mavi,1,32
826,Nolidae,Risoba yanagitai,2,26
827,Erebidae,Rusicada fulvida,0,21
828,Erebidae,Rusicada privata,4,201
829,Notodontidae,Saliocleta virgata,0,9
830,Pyralidae,Salma sp. 1,0,0
831,Pyralidae,Salma sp. 2,0,0
832,Pyralidae,Salma sp. 3,0,0
833,Pyralidae,Salma sp. 4,0,0
834,Geometridae,Satoblephara owadai,0,61
835,Erebidae,Scedopla umbrosa,0,126
836,Erebidae,Schistophleps bipuncta,1,75
837,Erebidae,Scoliopteryx libatrix,2,9
838,Geometridae,Scopula isomerica,0,3
839,Nolidae,Selepa sp.,0,0
840,Notodontidae,Semidonta basalis,0,10
841,Erebidae,Semiothisops macariata,0,123
842,Erebidae,Serrodes campana,3,134
843,Noctuidae,Sesamia nigropunctata,0,49
844,Erebidae,Sesapa kishidai,1,0
845,Erebidae,Sesapa koshuinca,0,0
846,Limacodidae,Setora baibarana,1,25
847,Drepanidae,Sewa taiwana,3,27
848,Notodontidae,Shaka atrovittatus mushana,0,23
849,Euteliidae,Sigmuncus albigrisea,1,1
850,Erebidae,Simplicia bimarginata,2,226
851,Erebidae,Simplicia cornicalis,3,44
852,Erebidae,Simplicia discosticta,5,23
853,Erebidae,Simplicia rhyal,3,12
854,Erebidae,Simplicia taiwana,2,0
855,Erebidae,Sinarella formosensis,3,0
856,Erebidae,Sinarella nigrisigna,5,7
857,Erebidae,Sinarella orientalensis,2,0
858,Erebidae,Sinarella paracristulalis,0,0
859,Erebidae,Sinarella sp. 1,0,0
860,Erebidae,Sinarella sp. 2,0,0
861,Erebidae,Sinarella subaegrota,4,0
862,Erebidae,Sinarella takasago,3,1
863,Erebidae,Sinarella yuanyuan,6,0
864,Noctuidae,Sineugraphe elkalandozta,4,4
865,Sphingidae,Smerinthulus perversa flavomaculatus,4,7
866,Lasiocampidae,Somadasys catocoides,0,12
867,Erebidae,Somena scintillans,0,299
868,Notodontidae,Somera viridifusca viridifusca,4,27
869,Erebidae,Sphrageidus virguncula,0,1
870,Noctuidae,Sphragifera biplagiata,0,6
871,Noctuidae,Sphragifera sigillata taimacula,1,6
872,Erebidae,Spilarctia sp.,0,0
873,Erebidae,Spilarctia wilemani,0,336
874,Erebidae,Spilosoma fumida,0,43
875,Erebidae,Spirama retorta,0,0
876,Noctuidae,Spodoptera litura,4,155
877,Noctuidae,Spodoptera mauritia acronyctoides,0,0
878,Noctuidae,Spodoptera sp.,0,0
879,Notodontidae,Stauropus sikkimensis lushanus,1,22
880,Notodontidae,Stauropus teikichiana teikichiana,2,63
881,Erebidae,Stenhypena costalis,4,3
882,Noctuidae,Stenoloba assimilis taiwana,1,0
883,Noctuidae,Stenoloba glauca,0,0
884,Noctuidae,Stenoloba manleyi formosana,2,15
885,Noctuidae,Stenoloba nigrabasalis,0,4
886,Noctuidae,Stenoloba nora,1,0
887,Noctuidae,Stenoloba pulla,2,4
888,Erebidae,Stictane sp.,0,0
889,Erebidae,Stigmatophora karenkonis,3,5
890,Thyrididae,Striglina sp.,0,0
891,Noctuidae,Strotihypera flavipuncta,3,0
892,Pyralidae,Sybrida discinota,0,0
893,Pyralidae,Sybrida inordinata,0,0
894,Geometridae,Syncosmia patinata,0,0
895,Geometridae,Synegia eumeleata,1,8
896,Notodontidae,Syntypistis comatus,1,154
897,Notodontidae,Syntypistis cyanea cyanea,1,186
898,Notodontidae,Syntypistis lineata,4,1
899,Notodontidae,Syntypistis nigribasalis nigribasalis,0,0
900,Notodontidae,Syntypistis perdix perdix,1,46
901,Notodontidae,Syntypistis pryeri,2,13
902,Notodontidae,Syntypistis subgeneris subgeneris,2,35
903,Notodontidae,Syntypistis umbrosa,3,60
904,Notodontidae,Syntypistis viridipicta,1,94
905,Erebidae,Sypnoides chinensis,1,20
906,Erebidae,Sypnoides hampsoni,1,3
907,Erebidae,Sypnoides pannosa,2,7
908,Erebidae,Sypnoides simplex,0,22
909,Lasiocampidae,Syrastrena sumatrana obliquilinea,2,10
910,Erebidae,Taicallimorpha albipuncta,3,36
911,Noctuidae,Taiwanacosmia poecila,0,6
912,Lasiocampidae,Takanea excisa excisa,1,8
913,Crambidae,Talanga sexpunctalis,1,83
914,Geometridae,Tanaoctenia haliaria,2,227
915,Geometridae,Tanaorhinus formosana,1,33
916,Geometridae,Tanaorhinus kina flavinfra,1,18
917,Geometridae,Tanaorhinus viridiluteata,3,72
918,Notodontidae,Tarsolepis japonica,1,114
919,Geometridae,Telenomeuta punctimarginaria,3,4
920,Pyralidae,Teliphasa albifusa,0,9
921,Pyralidae,Teliphasa amica,0,0
922,Pyralidae,Teliphasa nubilosa,1,223
923,Pyralidae,Teliphasa sp.,0,0
924,Crambidae,Teliphasa sp.,0,0
925,Crambidae,Tenerobotys subfumalis,0,0
926,Tortricidae,Terthreutis sp.,0,0
927,Erebidae,Teulisna tumida,0,73
928,Sphingidae,Theretra tibetiana,3,41
929,Erebidae,Thyas coronata,2,73
930,Erebidae,Thyas juno,2,94
931,Geometridae,Timandra stueningi,2,176
932,Geometridae,Timandra synthaca,2,6
933,Noctuidae,Tiracola aureata,1,273
934,Lecithoceridae,Tisis mesozosta,1,36
935,Lasiocampidae,Trabala vishnou guttata,3,199
936,Noctuidae,Trachea auriplena auriplena,2,102
937,Noctuidae,Trachea delica,3,6
938,Geometridae,Traminda aventiaria,0,321
939,Geometridae,Trichopterigia adorabilis,1,7
940,Geometridae,Trichopterigia sanguinipunctata sanguinipunctata,0,8
941,Noctuidae,Trichosea diffusa,2,41
942,Drepanidae,Tridrepana arikana,1,86
943,Drepanidae,Tridrepana unispina,1,94
944,Geometridae,Tristeirometa decussata moltrechti,1,28
945,Geometridae,Tristrophis rectifascia rectifascia,1,7
946,Bombycidae,Triuncina brunnea,2,159
947,Nolidae,Tyana falcata,3,99
948,Nolidae,Tympanistes rubidorsalis,0,20
949,Crambidae,Tyspanodes hypsalis,0,80
950,Crambidae,Tyspanodes striata,0,55
951,Notodontidae,Uropyia meticulodina,3,3
952,Erebidae,Utetheisa pulchelloides vaga,2,3
953,Erebidae,Vamuna alboluteora,3,211
954,Nolidae,Westermannia elliptica elliptica,2,160
955,Geometridae,Xandrames dholaria,3,50
956,Geometridae,Xanthorhoe cybele,3,7
957,Geometridae,Xanthorhoe mediofascia,0,19
958,Geometridae,Xanthorhoe saturata,0,96
959,Geometridae,Xenortholitha corioidea,2,8
960,Noctuidae,Xenotrachea irrorata,6,11
961,Geometridae,Xerodes contiguaria,1,43
962,Noctuidae,Xestia csoevarii,1,12
963,Noctuidae,Xestia flavilinea,2,17
964,Noctuidae,Xestia supravidua,2,2
965,Noctuidae,Xestia tamsi,1,75
966,Noctuidae,Xylostola indistincta,1,84
967,Geometridae,Yashmakia suffusa,1,46
968,Erebidae,Zanclognatha nigrisigna,2,18
969,Erebidae,Zanclognatha sp.,0,0
970,Cossidae,Zeuzera multistrigata,0,41
